ID товара;Номер;Тип;Выдан;Действует до;URL;Файл
41100;ЕАЭС KZ ДЕМО-041100;Сертификат соответствия ТР ТС 004/2011 (демо-данные);Демонстрационный орган по сертификации;2028-12-31;;
44870;ЕАЭС KZ ДЕМО-044870;Сертификат соответствия ТР ТС 004/2011 (демо-данные);Демонстрационный орган по сертификации;2028-12-31;;
42070;ЕАЭС KZ ДЕМО-042070;Сертификат соответствия ТР ТС 004/2011 (демо-данные);Демонстрационный орган по сертификации;2028-12-31;;
44880;ЕАЭС KZ ДЕМО-044880;Сертификат соответствия ТР ТС 004/2011 (демо-данные);Демонстрационный орган по сертификации;2028-12-31;;
44860;ЕАЭС KZ ДЕМО-044860;Сертификат соответствия ТР ТС 004/2011 (демо-данные);Демонстрационный орган по сертификации;2028-12-31;;
34950;ЕАЭС KZ ДЕМО-034950;Сертификат соответствия ТР ТС 004/2011 (демо-данные);Демонстрационный орган по сертификации;2028-12-31;;
34960;ЕАЭС KZ ДЕМО-034960;Сертификат соответствия ТР ТС 004/2011 (демо-данные);Демонстрационный орган по сертификации;2028-12-31;;
34150;ЕАЭС KZ ДЕМО-034150;Сертификат соответствия ТР ТС 004/2011 (демо-данные);Демонстрационный орган по сертификации;2028-12-31;;
50050;ЕАЭС KZ ДЕМО-050050;Сертификат соответствия ТР ТС 004/2011 (демо-данные);Демонстрационный орган по сертификации;2028-12-31;;
35100;ЕАЭС KZ ДЕМО-035100;Сертификат соответствия ТР ТС 004/2011 (демо-данные);Демонстрационный орган по сертификации;2028-12-31;;
35080;ЕАЭС KZ ДЕМО-035080;Сертификат соответствия ТР ТС 004/2011 (демо-данные);Демонстрационный орган по сертификации;2028-12-31;;
35090;ЕАЭС KZ ДЕМО-035090;Сертификат соответствия ТР ТС 004/2011 (демо-данные);Демонстрационный орган по сертификации;2028-12-31;;
35110;ЕАЭС KZ ДЕМО-035110;Сертификат соответствия ТР ТС 004/2011 (демо-данные);Демонстрационный орган по сертификации;2028-12-31;;
34140;ЕАЭС KZ ДЕМО-034140;Сертификат соответствия ТР ТС 004/2011 (демо-данные);Демонстрационный орган по сертификации;2028-12-31;;
34100;ЕАЭС KZ ДЕМО-034100;Сертификат соответствия ТР ТС 004/2011 (демо-данные);Демонстрационный орган по сертификации;2028-12-31;;
35050;ЕАЭС KZ ДЕМО-035050;Сертификат соответствия ТР ТС 004/2011 (демо-данные);Демонстрационный орган по сертификации;2028-12-31;;
35140;ЕАЭС KZ ДЕМО-035140;Сертификат соответствия ТР ТС 004/2011 (демо-данные);Демонстрационный орган по сертификации;2028-12-31;;
35150;ЕАЭС KZ ДЕМО-035150;Сертификат соответствия ТР ТС 004/2011 (демо-данные);Демонстрационный орган по сертификации;2028-12-31;;
35060;ЕАЭС KZ ДЕМО-035060;Сертификат соответствия ТР ТС 004/2011 (демо-данные);Демонстрационный орган по сертификации;2028-12-31;;
35070;ЕАЭС KZ ДЕМО-035070;Сертификат соответствия ТР ТС 004/2011 (демо-данные);Демонстрационный орган по сертификации;2028-12-31;;
35120;ЕАЭС KZ ДЕМО-035120;Сертификат соответствия ТР ТС 004/2011 (демо-данные);Демонстрационный орган по сертификации;2028-12-31;;
35130;ЕАЭС KZ ДЕМО-035130;Сертификат соответствия ТР ТС 004/2011 (демо-данные);Демонстрационный орган по сертификации;2028-12-31;;
35160;ЕАЭС KZ ДЕМО-035160;Сертификат соответствия ТР ТС 004/2011 (демо-данные);Демонстрационный орган по сертификации;2028-12-31;;
35170;ЕАЭС KZ ДЕМО-035170;Сертификат соответствия ТР ТС 004/2011 (демо-данные);Демонстрационный орган по сертификации;2028-12-31;;
35180;ЕАЭС KZ ДЕМО-035180;Сертификат соответствия ТР ТС 004/2011 (демо-данные);Демонстрационный орган по сертификации;2028-12-31;;
35200;ЕАЭС KZ ДЕМО-035200;Сертификат соответствия ТР ТС 004/2011 (демо-данные);Демонстрационный орган по сертификации;2028-12-31;;
35190;ЕАЭС KZ ДЕМО-035190;Сертификат соответствия ТР ТС 004/2011 (демо-данные);Демонстрационный орган по сертификации;2028-12-31;;
35210;ЕАЭС KZ ДЕМО-035210;Сертификат соответствия ТР ТС 004/2011 (демо-данные);Демонстрационный орган по сертификации;2028-12-31;;
526590;ЕАЭС KZ ДЕМО-526590;Сертификат соответствия ТР ТС 004/2011 (демо-данные);Демонстрационный орган по сертификации;2028-12-31;;
523160;ЕАЭС KZ ДЕМО-523160;Сертификат соответствия ТР ТС 004/2011 (демо-данные);Демонстрационный орган по сертификации;2028-12-31;;
529110;ЕАЭС KZ ДЕМО-529110;Сертификат соответствия ТР ТС 004/2011 (демо-данные);Демонстрационный орган по сертификации;2028-12-31;;
34170;ЕАЭС KZ ДЕМО-034170;Сертификат соответствия ТР ТС 004/2011 (демо-данные);Демонстрационный орган по сертификации;2028-12-31;;
528880;ЕАЭС KZ ДЕМО-528880;Сертификат соответствия ТР ТС 004/2011 (демо-данные);Демонстрационный орган по сертификации;2028-12-31;;
41120;ЕАЭС KZ ДЕМО-041120;Сертификат соответствия ТР ТС 004/2011 (демо-данные);Демонстрационный орган по сертификации;2028-12-31;;
528890;ЕАЭС KZ ДЕМО-528890;Сертификат соответствия ТР ТС 004/2011 (демо-данные);Демонстрационный орган по сертификации;2028-12-31;;
41130;ЕАЭС KZ ДЕМО-041130;Сертификат соответствия ТР ТС 004/2011 (демо-данные);Демонстрационный орган по сертификации;2028-12-31;;
41150;ЕАЭС KZ ДЕМО-041150;Сертификат соответствия ТР ТС 004/2011 (демо-данные);Демонстрационный орган по сертификации;2028-12-31;;
528180;ЕАЭС KZ ДЕМО-528180;Сертификат соответствия ТР ТС 004/2011 (демо-данные);Демонстрационный орган по сертификации;2028-12-31;;
34110;ЕАЭС KZ ДЕМО-034110;Сертификат соответствия ТР ТС 004/2011 (демо-данные);Демонстрационный орган по сертификации;2028-12-31;;
44900;ЕАЭС KZ ДЕМО-044900;Сертификат соответствия ТР ТС 004/2011 (демо-данные);Демонстрационный орган по сертификации;2028-12-31;;
44910;ЕАЭС KZ ДЕМО-044910;Сертификат соответствия ТР ТС 004/2011 (демо-данные);Демонстрационный орган по сертификации;2028-12-31;;
41140;ЕАЭС KZ ДЕМО-041140;Сертификат соответствия ТР ТС 004/2011 (демо-данные);Демонстрационный орган по сертификации;2028-12-31;;
528150;ЕАЭС KZ ДЕМО-528150;Сертификат соответствия ТР ТС 004/2011 (демо-данные);Демонстрационный орган по сертификации;2028-12-31;;
528020;ЕАЭС KZ ДЕМО-528020;Сертификат соответствия ТР ТС 004/2011 (демо-данные);Демонстрационный орган по сертификации;2028-12-31;;
528160;ЕАЭС KZ ДЕМО-528160;Сертификат соответствия ТР ТС 004/2011 (демо-данные);Демонстрационный орган по сертификации;2028-12-31;;
522840;ЕАЭС KZ ДЕМО-522840;Сертификат соответствия ТР ТС 004/2011 (демо-данные);Демонстрационный орган по сертификации;2028-12-31;;
47320;ЕАЭС KZ ДЕМО-047320;Сертификат соответствия ТР ТС 004/2011 (демо-данные);Демонстрационный орган по сертификации;2028-12-31;;
44930;ЕАЭС KZ ДЕМО-044930;Сертификат соответствия ТР ТС 004/2011 (демо-данные);Демонстрационный орган по сертификации;2028-12-31;;
44920;ЕАЭС KZ ДЕМО-044920;Сертификат соответствия ТР ТС 004/2011 (демо-данные);Демонстрационный орган по сертификации;2028-12-31;;
44890;ЕАЭС KZ ДЕМО-044890;Сертификат соответствия ТР ТС 004/2011 (демо-данные);Демонстрационный орган по сертификации;2028-12-31;;
41110;ЕАЭС KZ ДЕМО-041110;Сертификат соответствия ТР ТС 004/2011 (демо-данные);Демонстрационный орган по сертификации;2028-12-31;;
528900;ЕАЭС KZ ДЕМО-528900;Сертификат соответствия ТР ТС 004/2011 (демо-данные);Демонстрационный орган по сертификации;2028-12-31;;
39110;ЕАЭС KZ ДЕМО-039110;Сертификат соответствия ТР ТС 004/2011 (демо-данные);Демонстрационный орган по сертификации;2028-12-31;;
39120;ЕАЭС KZ ДЕМО-039120;Сертификат соответствия ТР ТС 004/2011 (демо-данные);Демонстрационный орган по сертификации;2028-12-31;;
39130;ЕАЭС KZ ДЕМО-039130;Сертификат соответствия ТР ТС 004/2011 (демо-данные);Демонстрационный орган по сертификации;2028-12-31;;
524230;ЕАЭС KZ ДЕМО-524230;Сертификат соответствия ТР ТС 004/2011 (демо-данные);Демонстрационный орган по сертификации;2028-12-31;;
521810;ЕАЭС KZ ДЕМО-521810;Сертификат соответствия ТР ТС 004/2011 (демо-данные);Демонстрационный орган по сертификации;2028-12-31;;
524220;ЕАЭС KZ ДЕМО-524220;Сертификат соответствия ТР ТС 004/2011 (демо-данные);Демонстрационный орган по сертификации;2028-12-31;;
521820;ЕАЭС KZ ДЕМО-521820;Сертификат соответствия ТР ТС 004/2011 (демо-данные);Демонстрационный орган по сертификации;2028-12-31;;
519540;ЕАЭС KZ ДЕМО-519540;Сертификат соответствия ТР ТС 004/2011 (демо-данные);Демонстрационный орган по сертификации;2028-12-31;;
521220;ЕАЭС KZ ДЕМО-521220;Сертификат соответствия ТР ТС 004/2011 (демо-данные);Демонстрационный орган по сертификации;2028-12-31;;
37740;ЕАЭС KZ ДЕМО-037740;Сертификат соответствия ТР ТС 004/2011 (демо-данные);Демонстрационный орган по сертификации;2028-12-31;;
40790;ЕАЭС KZ ДЕМО-040790;Сертификат соответствия ТР ТС 004/2011 (демо-данные);Демонстрационный орган по сертификации;2028-12-31;;
53470;ЕАЭС KZ ДЕМО-053470;Сертификат соответствия ТР ТС 004/2011 (демо-данные);Демонстрационный орган по сертификации;2028-12-31;;
42120;ЕАЭС KZ ДЕМО-042120;Сертификат соответствия ТР ТС 004/2011 (демо-данные);Демонстрационный орган по сертификации;2028-12-31;;
42110;ЕАЭС KZ ДЕМО-042110;Сертификат соответствия ТР ТС 004/2011 (демо-данные);Демонстрационный орган по сертификации;2028-12-31;;
48740;ЕАЭС KZ ДЕМО-048740;Сертификат соответствия ТР ТС 004/2011 (демо-данные);Демонстрационный орган по сертификации;2028-12-31;;
48730;ЕАЭС KZ ДЕМО-048730;Сертификат соответствия ТР ТС 004/2011 (демо-данные);Демонстрационный орган по сертификации;2028-12-31;;
37720;ЕАЭС KZ ДЕМО-037720;Сертификат соответствия ТР ТС 004/2011 (демо-данные);Демонстрационный орган по сертификации;2028-12-31;;
44320;ЕАЭС KZ ДЕМО-044320;Сертификат соответствия ТР ТС 004/2011 (демо-данные);Демонстрационный орган по сертификации;2028-12-31;;
37730;ЕАЭС KZ ДЕМО-037730;Сертификат соответствия ТР ТС 004/2011 (демо-данные);Демонстрационный орган по сертификации;2028-12-31;;
37760;ЕАЭС KZ ДЕМО-037760;Сертификат соответствия ТР ТС 004/2011 (демо-данные);Демонстрационный орган по сертификации;2028-12-31;;
37750;ЕАЭС KZ ДЕМО-037750;Сертификат соответствия ТР ТС 004/2011 (демо-данные);Демонстрационный орган по сертификации;2028-12-31;;
40770;ЕАЭС KZ ДЕМО-040770;Сертификат соответствия ТР ТС 004/2011 (демо-данные);Демонстрационный орган по сертификации;2028-12-31;;
40820;ЕАЭС KZ ДЕМО-040820;Сертификат соответствия ТР ТС 004/2011 (демо-данные);Демонстрационный орган по сертификации;2028-12-31;;
520740;ЕАЭС KZ ДЕМО-520740;Сертификат соответствия ТР ТС 004/2011 (демо-данные);Демонстрационный орган по сертификации;2028-12-31;;
40780;ЕАЭС KZ ДЕМО-040780;Сертификат соответствия ТР ТС 004/2011 (демо-данные);Демонстрационный орган по сертификации;2028-12-31;;
39850;ЕАЭС KZ ДЕМО-039850;Сертификат соответствия ТР ТС 004/2011 (демо-данные);Демонстрационный орган по сертификации;2028-12-31;;
45880;ЕАЭС KZ ДЕМО-045880;Сертификат соответствия ТР ТС 004/2011 (демо-данные);Демонстрационный орган по сертификации;2028-12-31;;
45890;ЕАЭС KZ ДЕМО-045890;Сертификат соответствия ТР ТС 004/2011 (демо-данные);Демонстрационный орган по сертификации;2028-12-31;;
40800;ЕАЭС KZ ДЕМО-040800;Сертификат соответствия ТР ТС 004/2011 (демо-данные);Демонстрационный орган по сертификации;2028-12-31;;
40810;ЕАЭС KZ ДЕМО-040810;Сертификат соответствия ТР ТС 004/2011 (демо-данные);Демонстрационный орган по сертификации;2028-12-31;;
39860;ЕАЭС KZ ДЕМО-039860;Сертификат соответствия ТР ТС 004/2011 (демо-данные);Демонстрационный орган по сертификации;2028-12-31;;
39840;ЕАЭС KZ ДЕМО-039840;Сертификат соответствия ТР ТС 004/2011 (демо-данные);Демонстрационный орган по сертификации;2028-12-31;;
47310;ЕАЭС KZ ДЕМО-047310;Сертификат соответствия ТР ТС 004/2011 (демо-данные);Демонстрационный орган по сертификации;2028-12-31;;
23220;ЕАЭС KZ ДЕМО-023220;Сертификат соответствия ТР ТС 004/2011 (демо-данные);Демонстрационный орган по сертификации;2028-12-31;;
523880;ЕАЭС KZ ДЕМО-523880;Сертификат соответствия ТР ТС 004/2011 (демо-данные);Демонстрационный орган по сертификации;2028-12-31;;
523630;ЕАЭС KZ ДЕМО-523630;Сертификат соответствия ТР ТС 004/2011 (демо-данные);Демонстрационный орган по сертификации;2028-12-31;;
58360;ЕАЭС KZ ДЕМО-058360;Сертификат соответствия ТР ТС 004/2011 (демо-данные);Демонстрационный орган по сертификации;2028-12-31;;
21380;ЕАЭС KZ ДЕМО-021380;Сертификат соответствия ТР ТС 004/2011 (демо-данные);Демонстрационный орган по сертификации;2028-12-31;;
20400;ЕАЭС KZ ДЕМО-020400;Сертификат соответствия ТР ТС 004/2011 (демо-данные);Демонстрационный орган по сертификации;2028-12-31;;
24360;ЕАЭС KZ ДЕМО-024360;Сертификат соответствия ТР ТС 004/2011 (демо-данные);Демонстрационный орган по сертификации;2028-12-31;;
58310;ЕАЭС KZ ДЕМО-058310;Сертификат соответствия ТР ТС 004/2011 (демо-данные);Демонстрационный орган по сертификации;2028-12-31;;
23570;ЕАЭС KZ ДЕМО-023570;Сертификат соответствия ТР ТС 004/2011 (демо-данные);Демонстрационный орган по сертификации;2028-12-31;;
20970;ЕАЭС KZ ДЕМО-020970;Сертификат соответствия ТР ТС 004/2011 (демо-данные);Демонстрационный орган по сертификации;2028-12-31;;
22510;ЕАЭС KZ ДЕМО-022510;Сертификат соответствия ТР ТС 004/2011 (демо-данные);Демонстрационный орган по сертификации;2028-12-31;;
23150;ЕАЭС KZ ДЕМО-023150;Сертификат соответствия ТР ТС 004/2011 (демо-данные);Демонстрационный орган по сертификации;2028-12-31;;
20410;ЕАЭС KZ ДЕМО-020410;Сертификат соответствия ТР ТС 004/2011 (демо-данные);Демонстрационный орган по сертификации;2028-12-31;;
23360;ЕАЭС KZ ДЕМО-023360;Сертификат соответствия ТР ТС 004/2011 (демо-данные);Демонстрационный орган по сертификации;2028-12-31;;
18310;ЕАЭС KZ ДЕМО-018310;Сертификат соответствия ТР ТС 004/2011 (демо-данные);Демонстрационный орган по сертификации;2028-12-31;;
44750;ЕАЭС KZ ДЕМО-044750;Сертификат соответствия ТР ТС 004/2011 (демо-данные);Демонстрационный орган по сертификации;2028-12-31;;
34610;ЕАЭС KZ ДЕМО-034610;Сертификат соответствия ТР ТС 004/2011 (демо-данные);Демонстрационный орган по сертификации;2028-12-31;;
22380;ЕАЭС KZ ДЕМО-022380;Сертификат соответствия ТР ТС 004/2011 (демо-данные);Демонстрационный орган по сертификации;2028-12-31;;
23520;ЕАЭС KZ ДЕМО-023520;Сертификат соответствия ТР ТС 004/2011 (демо-данные);Демонстрационный орган по сертификации;2028-12-31;;
23970;ЕАЭС KZ ДЕМО-023970;Сертификат соответствия ТР ТС 004/2011 (демо-данные);Демонстрационный орган по сертификации;2028-12-31;;
24970;ЕАЭС KZ ДЕМО-024970;Сертификат соответствия ТР ТС 004/2011 (демо-данные);Демонстрационный орган по сертификации;2028-12-31;;
18970;ЕАЭС KZ ДЕМО-018970;Сертификат соответствия ТР ТС 004/2011 (демо-данные);Демонстрационный орган по сертификации;2028-12-31;;
22390;ЕАЭС KZ ДЕМО-022390;Сертификат соответствия ТР ТС 004/2011 (демо-данные);Демонстрационный орган по сертификации;2028-12-31;;
21390;ЕАЭС KZ ДЕМО-021390;Сертификат соответствия ТР ТС 004/2011 (демо-данные);Демонстрационный орган по сертификации;2028-12-31;;
38630;ЕАЭС KZ ДЕМО-038630;Сертификат соответствия ТР ТС 004/2011 (демо-данные);Демонстрационный орган по сертификации;2028-12-31;;
24370;ЕАЭС KZ ДЕМО-024370;Сертификат соответствия ТР ТС 004/2011 (демо-данные);Демонстрационный орган по сертификации;2028-12-31;;
18340;ЕАЭС KZ ДЕМО-018340;Сертификат соответствия ТР ТС 004/2011 (демо-данные);Демонстрационный орган по сертификации;2028-12-31;;
19380;ЕАЭС KZ ДЕМО-019380;Сертификат соответствия ТР ТС 004/2011 (демо-данные);Демонстрационный орган по сертификации;2028-12-31;;
24380;ЕАЭС KZ ДЕМО-024380;Сертификат соответствия ТР ТС 004/2011 (демо-данные);Демонстрационный орган по сертификации;2028-12-31;;
20420;ЕАЭС KZ ДЕМО-020420;Сертификат соответствия ТР ТС 004/2011 (демо-данные);Демонстрационный орган по сертификации;2028-12-31;;
44630;ЕАЭС KZ ДЕМО-044630;Сертификат соответствия ТР ТС 004/2011 (демо-данные);Демонстрационный орган по сертификации;2028-12-31;;
58370;ЕАЭС KZ ДЕМО-058370;Сертификат соответствия ТР ТС 004/2011 (демо-данные);Демонстрационный орган по сертификации;2028-12-31;;
32020;ЕАЭС KZ ДЕМО-032020;Сертификат соответствия ТР ТС 004/2011 (демо-данные);Демонстрационный орган по сертификации;2028-12-31;;
19770;ЕАЭС KZ ДЕМО-019770;Сертификат соответствия ТР ТС 004/2011 (демо-данные);Демонстрационный орган по сертификации;2028-12-31;;
22970;ЕАЭС KZ ДЕМО-022970;Сертификат соответствия ТР ТС 004/2011 (демо-данные);Демонстрационный орган по сертификации;2028-12-31;;
18410;ЕАЭС KZ ДЕМО-018410;Сертификат соответствия ТР ТС 004/2011 (демо-данные);Демонстрационный орган по сертификации;2028-12-31;;
23420;ЕАЭС KZ ДЕМО-023420;Сертификат соответствия ТР ТС 004/2011 (демо-данные);Демонстрационный орган по сертификации;2028-12-31;;
38860;ЕАЭС KZ ДЕМО-038860;Сертификат соответствия ТР ТС 004/2011 (демо-данные);Демонстрационный орган по сертификации;2028-12-31;;
24530;ЕАЭС KZ ДЕМО-024530;Сертификат соответствия ТР ТС 004/2011 (демо-данные);Демонстрационный орган по сертификации;2028-12-31;;
48860;ЕАЭС KZ ДЕМО-048860;Сертификат соответствия ТР ТС 004/2011 (демо-данные);Демонстрационный орган по сертификации;2028-12-31;;
48850;ЕАЭС KZ ДЕМО-048850;Сертификат соответствия ТР ТС 004/2011 (демо-данные);Демонстрационный орган по сертификации;2028-12-31;;
23500;ЕАЭС KZ ДЕМО-023500;Сертификат соответствия ТР ТС 004/2011 (демо-данные);Демонстрационный орган по сертификации;2028-12-31;;
24140;ЕАЭС KZ ДЕМО-024140;Сертификат соответствия ТР ТС 004/2011 (демо-данные);Демонстрационный орган по сертификации;2028-12-31;;
48940;ЕАЭС KZ ДЕМО-048940;Сертификат соответствия ТР ТС 004/2011 (демо-данные);Демонстрационный орган по сертификации;2028-12-31;;
529520;ЕАЭС KZ ДЕМО-529520;Сертификат соответствия ТР ТС 004/2011 (демо-данные);Демонстрационный орган по сертификации;2028-12-31;;
34010;ЕАЭС KZ ДЕМО-034010;Сертификат соответствия ТР ТС 004/2011 (демо-данные);Демонстрационный орган по сертификации;2028-12-31;;
30500;ЕАЭС KZ ДЕМО-030500;Сертификат соответствия ТР ТС 004/2011 (демо-данные);Демонстрационный орган по сертификации;2028-12-31;;
21960;ЕАЭС KZ ДЕМО-021960;Сертификат соответствия ТР ТС 004/2011 (демо-данные);Демонстрационный орган по сертификации;2028-12-31;;
20960;ЕАЭС KZ ДЕМО-020960;Сертификат соответствия ТР ТС 004/2011 (демо-данные);Демонстрационный орган по сертификации;2028-12-31;;
23170;ЕАЭС KZ ДЕМО-023170;Сертификат соответствия ТР ТС 004/2011 (демо-данные);Демонстрационный орган по сертификации;2028-12-31;;
25140;ЕАЭС KZ ДЕМО-025140;Сертификат соответствия ТР ТС 004/2011 (демо-данные);Демонстрационный орган по сертификации;2028-12-31;;
21060;ЕАЭС KZ ДЕМО-021060;Сертификат соответствия ТР ТС 004/2011 (демо-данные);Демонстрационный орган по сертификации;2028-12-31;;
56220;ЕАЭС KZ ДЕМО-056220;Сертификат соответствия ТР ТС 004/2011 (демо-данные);Демонстрационный орган по сертификации;2028-12-31;;
38540;ЕАЭС KZ ДЕМО-038540;Сертификат соответствия ТР ТС 004/2011 (демо-данные);Демонстрационный орган по сертификации;2028-12-31;;
19540;ЕАЭС KZ ДЕМО-019540;Сертификат соответствия ТР ТС 004/2011 (демо-данные);Демонстрационный орган по сертификации;2028-12-31;;
21970;ЕАЭС KZ ДЕМО-021970;Сертификат соответствия ТР ТС 004/2011 (демо-данные);Демонстрационный орган по сертификации;2028-12-31;;
56150;ЕАЭС KZ ДЕМО-056150;Сертификат соответствия ТР ТС 004/2011 (демо-данные);Демонстрационный орган по сертификации;2028-12-31;;
23060;ЕАЭС KZ ДЕМО-023060;Сертификат соответствия ТР ТС 004/2011 (демо-данные);Демонстрационный орган по сертификации;2028-12-31;;
21530;ЕАЭС KZ ДЕМО-021530;Сертификат соответствия ТР ТС 004/2011 (демо-данные);Демонстрационный орган по сертификации;2028-12-31;;
22050;ЕАЭС KZ ДЕМО-022050;Сертификат соответствия ТР ТС 004/2011 (демо-данные);Демонстрационный орган по сертификации;2028-12-31;;
38530;ЕАЭС KZ ДЕМО-038530;Сертификат соответствия ТР ТС 004/2011 (демо-данные);Демонстрационный орган по сертификации;2028-12-31;;
19580;ЕАЭС KZ ДЕМО-019580;Сертификат соответствия ТР ТС 004/2011 (демо-данные);Демонстрационный орган по сертификации;2028-12-31;;
56450;ЕАЭС KZ ДЕМО-056450;Сертификат соответствия ТР ТС 004/2011 (демо-данные);Демонстрационный орган по сертификации;2028-12-31;;
56440;ЕАЭС KZ ДЕМО-056440;Сертификат соответствия ТР ТС 004/2011 (демо-данные);Демонстрационный орган по сертификации;2028-12-31;;
56420;ЕАЭС KZ ДЕМО-056420;Сертификат соответствия ТР ТС 004/2011 (демо-данные);Демонстрационный орган по сертификации;2028-12-31;;
56430;ЕАЭС KZ ДЕМО-056430;Сертификат соответствия ТР ТС 004/2011 (демо-данные);Демонстрационный орган по сертификации;2028-12-31;;
43810;ЕАЭС KZ ДЕМО-043810;Сертификат соответствия ТР ТС 004/2011 (демо-данные);Демонстрационный орган по сертификации;2028-12-31;;
48790;ЕАЭС KZ ДЕМО-048790;Сертификат соответствия ТР ТС 004/2011 (демо-данные);Демонстрационный орган по сертификации;2028-12-31;;
38830;ЕАЭС KZ ДЕМО-038830;Сертификат соответствия ТР ТС 004/2011 (демо-данные);Демонстрационный орган по сертификации;2028-12-31;;
48780;ЕАЭС KZ ДЕМО-048780;Сертификат соответствия ТР ТС 004/2011 (демо-данные);Демонстрационный орган по сертификации;2028-12-31;;
48800;ЕАЭС KZ ДЕМО-048800;Сертификат соответствия ТР ТС 004/2011 (демо-данные);Демонстрационный орган по сертификации;2028-12-31;;
45160;ЕАЭС KZ ДЕМО-045160;Сертификат соответствия ТР ТС 004/2011 (демо-данные);Демонстрационный орган по сертификации;2028-12-31;;
29450;ЕАЭС KZ ДЕМО-029450;Сертификат соответствия ТР ТС 004/2011 (демо-данные);Демонстрационный орган по сертификации;2028-12-31;;
38610;ЕАЭС KZ ДЕМО-038610;Сертификат соответствия ТР ТС 004/2011 (демо-данные);Демонстрационный орган по сертификации;2028-12-31;;
56490;ЕАЭС KZ ДЕМО-056490;Сертификат соответствия ТР ТС 004/2011 (демо-данные);Демонстрационный орган по сертификации;2028-12-31;;
529000;ЕАЭС KZ ДЕМО-529000;Сертификат соответствия ТР ТС 004/2011 (демо-данные);Демонстрационный орган по сертификации;2028-12-31;;
34210;ЕАЭС KZ ДЕМО-034210;Сертификат соответствия ТР ТС 004/2011 (демо-данные);Демонстрационный орган по сертификации;2028-12-31;;
37300;ЕАЭС KZ ДЕМО-037300;Сертификат соответствия ТР ТС 004/2011 (демо-данные);Демонстрационный орган по сертификации;2028-12-31;;
20610;ЕАЭС KZ ДЕМО-020610;Сертификат соответствия ТР ТС 004/2011 (демо-данные);Демонстрационный орган по сертификации;2028-12-31;;
18600;ЕАЭС KZ ДЕМО-018600;Сертификат соответствия ТР ТС 004/2011 (демо-данные);Демонстрационный орган по сертификации;2028-12-31;;
22950;ЕАЭС KZ ДЕМО-022950;Сертификат соответствия ТР ТС 004/2011 (демо-данные);Демонстрационный орган по сертификации;2028-12-31;;
20710;ЕАЭС KZ ДЕМО-020710;Сертификат соответствия ТР ТС 004/2011 (демо-данные);Демонстрационный орган по сертификации;2028-12-31;;
19690;ЕАЭС KZ ДЕМО-019690;Сертификат соответствия ТР ТС 004/2011 (демо-данные);Демонстрационный орган по сертификации;2028-12-31;;
22690;ЕАЭС KZ ДЕМО-022690;Сертификат соответствия ТР ТС 004/2011 (демо-данные);Демонстрационный орган по сертификации;2028-12-31;;
37230;ЕАЭС KZ ДЕМО-037230;Сертификат соответствия ТР ТС 004/2011 (демо-данные);Демонстрационный орган по сертификации;2028-12-31;;
44970;ЕАЭС KZ ДЕМО-044970;Сертификат соответствия ТР ТС 004/2011 (демо-данные);Демонстрационный орган по сертификации;2028-12-31;;
510660;ЕАЭС KZ ДЕМО-510660;Сертификат соответствия ТР ТС 004/2011 (демо-данные);Демонстрационный орган по сертификации;2028-12-31;;
49010;ЕАЭС KZ ДЕМО-049010;Сертификат соответствия ТР ТС 004/2011 (демо-данные);Демонстрационный орган по сертификации;2028-12-31;;
49030;ЕАЭС KZ ДЕМО-049030;Сертификат соответствия ТР ТС 004/2011 (демо-данные);Демонстрационный орган по сертификации;2028-12-31;;
49020;ЕАЭС KZ ДЕМО-049020;Сертификат соответствия ТР ТС 004/2011 (демо-данные);Демонстрационный орган по сертификации;2028-12-31;;
49040;ЕАЭС KZ ДЕМО-049040;Сертификат соответствия ТР ТС 004/2011 (демо-данные);Демонстрационный орган по сертификации;2028-12-31;;
528190;ЕАЭС KZ ДЕМО-528190;Сертификат соответствия ТР ТС 004/2011 (демо-данные);Демонстрационный орган по сертификации;2028-12-31;;
18150;ЕАЭС KZ ДЕМО-018150;Сертификат соответствия ТР ТС 004/2011 (демо-данные);Демонстрационный орган по сертификации;2028-12-31;;
37290;ЕАЭС KZ ДЕМО-037290;Сертификат соответствия ТР ТС 004/2011 (демо-данные);Демонстрационный орган по сертификации;2028-12-31;;
19960;ЕАЭС KZ ДЕМО-019960;Сертификат соответствия ТР ТС 004/2011 (демо-данные);Демонстрационный орган по сертификации;2028-12-31;;
24960;ЕАЭС KZ ДЕМО-024960;Сертификат соответствия ТР ТС 004/2011 (демо-данные);Демонстрационный орган по сертификации;2028-12-31;;
528200;ЕАЭС KZ ДЕМО-528200;Сертификат соответствия ТР ТС 004/2011 (демо-данные);Демонстрационный орган по сертификации;2028-12-31;;
519250;ЕАЭС KZ ДЕМО-519250;Сертификат соответствия ТР ТС 004/2011 (демо-данные);Демонстрационный орган по сертификации;2028-12-31;;
37340;ЕАЭС KZ ДЕМО-037340;Сертификат соответствия ТР ТС 004/2011 (демо-данные);Демонстрационный орган по сертификации;2028-12-31;;
37270;ЕАЭС KZ ДЕМО-037270;Сертификат соответствия ТР ТС 004/2011 (демо-данные);Демонстрационный орган по сертификации;2028-12-31;;
41160;ЕАЭС KZ ДЕМО-041160;Сертификат соответствия ТР ТС 004/2011 (демо-данные);Демонстрационный орган по сертификации;2028-12-31;;
24650;ЕАЭС KZ ДЕМО-024650;Сертификат соответствия ТР ТС 004/2011 (демо-данные);Демонстрационный орган по сертификации;2028-12-31;;
57720;ЕАЭС KZ ДЕМО-057720;Сертификат соответствия ТР ТС 004/2011 (демо-данные);Демонстрационный орган по сертификации;2028-12-31;;
515710;ЕАЭС KZ ДЕМО-515710;Сертификат соответствия ТР ТС 004/2011 (демо-данные);Демонстрационный орган по сертификации;2028-12-31;;
50520;ЕАЭС KZ ДЕМО-050520;Сертификат соответствия ТР ТС 004/2011 (демо-данные);Демонстрационный орган по сертификации;2028-12-31;;
531420;ЕАЭС KZ ДЕМО-531420;Сертификат соответствия ТР ТС 004/2011 (демо-данные);Демонстрационный орган по сертификации;2028-12-31;;
18080;ЕАЭС KZ ДЕМО-018080;Сертификат соответствия ТР ТС 004/2011 (демо-данные);Демонстрационный орган по сертификации;2028-12-31;;
55160;ЕАЭС KZ ДЕМО-055160;Сертификат соответствия ТР ТС 004/2011 (демо-данные);Демонстрационный орган по сертификации;2028-12-31;;
55170;ЕАЭС KZ ДЕМО-055170;Сертификат соответствия ТР ТС 004/2011 (демо-данные);Демонстрационный орган по сертификации;2028-12-31;;
38850;ЕАЭС KZ ДЕМО-038850;Сертификат соответствия ТР ТС 004/2011 (демо-данные);Демонстрационный орган по сертификации;2028-12-31;;
48890;ЕАЭС KZ ДЕМО-048890;Сертификат соответствия ТР ТС 004/2011 (демо-данные);Демонстрационный орган по сертификации;2028-12-31;;
48900;ЕАЭС KZ ДЕМО-048900;Сертификат соответствия ТР ТС 004/2011 (демо-данные);Демонстрационный орган по сертификации;2028-12-31;;
48910;ЕАЭС KZ ДЕМО-048910;Сертификат соответствия ТР ТС 004/2011 (демо-данные);Демонстрационный орган по сертификации;2028-12-31;;
22630;ЕАЭС KZ ДЕМО-022630;Сертификат соответствия ТР ТС 004/2011 (демо-данные);Демонстрационный орган по сертификации;2028-12-31;;
38880;ЕАЭС KZ ДЕМО-038880;Сертификат соответствия ТР ТС 004/2011 (демо-данные);Демонстрационный орган по сертификации;2028-12-31;;
48880;ЕАЭС KZ ДЕМО-048880;Сертификат соответствия ТР ТС 004/2011 (демо-данные);Демонстрационный орган по сертификации;2028-12-31;;
48810;ЕАЭС KZ ДЕМО-048810;Сертификат соответствия ТР ТС 004/2011 (демо-данные);Демонстрационный орган по сертификации;2028-12-31;;
48870;ЕАЭС KZ ДЕМО-048870;Сертификат соответствия ТР ТС 004/2011 (демо-данные);Демонстрационный орган по сертификации;2028-12-31;;
21630;ЕАЭС KZ ДЕМО-021630;Сертификат соответствия ТР ТС 004/2011 (демо-данные);Демонстрационный орган по сертификации;2028-12-31;;
38870;ЕАЭС KZ ДЕМО-038870;Сертификат соответствия ТР ТС 004/2011 (демо-данные);Демонстрационный орган по сертификации;2028-12-31;;
38890;ЕАЭС KZ ДЕМО-038890;Сертификат соответствия ТР ТС 004/2011 (демо-данные);Демонстрационный орган по сертификации;2028-12-31;;
39190;ЕАЭС KZ ДЕМО-039190;Сертификат соответствия ТР ТС 004/2011 (демо-данные);Демонстрационный орган по сертификации;2028-12-31;;
39200;ЕАЭС KZ ДЕМО-039200;Сертификат соответствия ТР ТС 004/2011 (демо-данные);Демонстрационный орган по сертификации;2028-12-31;;
45070;ЕАЭС KZ ДЕМО-045070;Сертификат соответствия ТР ТС 004/2011 (демо-данные);Демонстрационный орган по сертификации;2028-12-31;;
48840;ЕАЭС KZ ДЕМО-048840;Сертификат соответствия ТР ТС 004/2011 (демо-данные);Демонстрационный орган по сертификации;2028-12-31;;
48820;ЕАЭС KZ ДЕМО-048820;Сертификат соответствия ТР ТС 004/2011 (демо-данные);Демонстрационный орган по сертификации;2028-12-31;;
48830;ЕАЭС KZ ДЕМО-048830;Сертификат соответствия ТР ТС 004/2011 (демо-данные);Демонстрационный орган по сертификации;2028-12-31;;
23010;ЕАЭС KZ ДЕМО-023010;Сертификат соответствия ТР ТС 004/2011 (демо-данные);Демонстрационный орган по сертификации;2028-12-31;;
18730;ЕАЭС KZ ДЕМО-018730;Сертификат соответствия ТР ТС 004/2011 (демо-данные);Демонстрационный орган по сертификации;2028-12-31;;
25800;ЕАЭС KZ ДЕМО-025800;Сертификат соответствия ТР ТС 004/2011 (демо-данные);Демонстрационный орган по сертификации;2028-12-31;;
22140;ЕАЭС KZ ДЕМО-022140;Сертификат соответствия ТР ТС 004/2011 (демо-данные);Демонстрационный орган по сертификации;2028-12-31;;
48950;ЕАЭС KZ ДЕМО-048950;Сертификат соответствия ТР ТС 004/2011 (демо-данные);Демонстрационный орган по сертификации;2028-12-31;;
41850;ЕАЭС KZ ДЕМО-041850;Сертификат соответствия ТР ТС 004/2011 (демо-данные);Демонстрационный орган по сертификации;2028-12-31;;
58430;ЕАЭС KZ ДЕМО-058430;Сертификат соответствия ТР ТС 004/2011 (демо-данные);Демонстрационный орган по сертификации;2028-12-31;;
29470;ЕАЭС KZ ДЕМО-029470;Сертификат соответствия ТР ТС 004/2011 (демо-данные);Демонстрационный орган по сертификации;2028-12-31;;
58440;ЕАЭС KZ ДЕМО-058440;Сертификат соответствия ТР ТС 004/2011 (демо-данные);Демонстрационный орган по сертификации;2028-12-31;;
529130;ЕАЭС KZ ДЕМО-529130;Сертификат соответствия ТР ТС 004/2011 (демо-данные);Демонстрационный орган по сертификации;2028-12-31;;
37380;ЕАЭС KZ ДЕМО-037380;Сертификат соответствия ТР ТС 004/2011 (демо-данные);Демонстрационный орган по сертификации;2028-12-31;;
37420;ЕАЭС KZ ДЕМО-037420;Сертификат соответствия ТР ТС 004/2011 (демо-данные);Демонстрационный орган по сертификации;2028-12-31;;
37450;ЕАЭС KZ ДЕМО-037450;Сертификат соответствия ТР ТС 004/2011 (демо-данные);Демонстрационный орган по сертификации;2028-12-31;;
37440;ЕАЭС KZ ДЕМО-037440;Сертификат соответствия ТР ТС 004/2011 (демо-данные);Демонстрационный орган по сертификации;2028-12-31;;
37400;ЕАЭС KZ ДЕМО-037400;Сертификат соответствия ТР ТС 004/2011 (демо-данные);Демонстрационный орган по сертификации;2028-12-31;;
37370;ЕАЭС KZ ДЕМО-037370;Сертификат соответствия ТР ТС 004/2011 (демо-данные);Демонстрационный орган по сертификации;2028-12-31;;
37360;ЕАЭС KZ ДЕМО-037360;Сертификат соответствия ТР ТС 004/2011 (демо-данные);Демонстрационный орган по сертификации;2028-12-31;;
37390;ЕАЭС KZ ДЕМО-037390;Сертификат соответствия ТР ТС 004/2011 (демо-данные);Демонстрационный орган по сертификации;2028-12-31;;
37430;ЕАЭС KZ ДЕМО-037430;Сертификат соответствия ТР ТС 004/2011 (демо-данные);Демонстрационный орган по сертификации;2028-12-31;;
37410;ЕАЭС KZ ДЕМО-037410;Сертификат соответствия ТР ТС 004/2011 (демо-данные);Демонстрационный орган по сертификации;2028-12-31;;
37350;ЕАЭС KZ ДЕМО-037350;Сертификат соответствия ТР ТС 004/2011 (демо-данные);Демонстрационный орган по сертификации;2028-12-31;;
57750;ЕАЭС KZ ДЕМО-057750;Сертификат соответствия ТР ТС 004/2011 (демо-данные);Демонстрационный орган по сертификации;2028-12-31;;
29410;ЕАЭС KZ ДЕМО-029410;Сертификат соответствия ТР ТС 004/2011 (демо-данные);Демонстрационный орган по сертификации;2028-12-31;;
532490;ЕАЭС KZ ДЕМО-532490;Сертификат соответствия ТР ТС 004/2011 (демо-данные);Демонстрационный орган по сертификации;2028-12-31;;
23930;ЕАЭС KZ ДЕМО-023930;Сертификат соответствия ТР ТС 004/2011 (демо-данные);Демонстрационный орган по сертификации;2028-12-31;;
18540;ЕАЭС KZ ДЕМО-018540;Сертификат соответствия ТР ТС 004/2011 (демо-данные);Демонстрационный орган по сертификации;2028-12-31;;
56260;ЕАЭС KZ ДЕМО-056260;Сертификат соответствия ТР ТС 004/2011 (демо-данные);Демонстрационный орган по сертификации;2028-12-31;;
57780;ЕАЭС KZ ДЕМО-057780;Сертификат соответствия ТР ТС 004/2011 (демо-данные);Демонстрационный орган по сертификации;2028-12-31;;
24690;ЕАЭС KZ ДЕМО-024690;Сертификат соответствия ТР ТС 004/2011 (демо-данные);Демонстрационный орган по сертификации;2028-12-31;;
20680;ЕАЭС KZ ДЕМО-020680;Сертификат соответствия ТР ТС 004/2011 (демо-данные);Демонстрационный орган по сертификации;2028-12-31;;
57790;ЕАЭС KZ ДЕМО-057790;Сертификат соответствия ТР ТС 004/2011 (демо-данные);Демонстрационный орган по сертификации;2028-12-31;;
23730;ЕАЭС KZ ДЕМО-023730;Сертификат соответствия ТР ТС 004/2011 (демо-данные);Демонстрационный орган по сертификации;2028-12-31;;
21740;ЕАЭС KZ ДЕМО-021740;Сертификат соответствия ТР ТС 004/2011 (демо-данные);Демонстрационный орган по сертификации;2028-12-31;;
22070;ЕАЭС KZ ДЕМО-022070;Сертификат соответствия ТР ТС 004/2011 (демо-данные);Демонстрационный орган по сертификации;2028-12-31;;
21800;ЕАЭС KZ ДЕМО-021800;Сертификат соответствия ТР ТС 004/2011 (демо-данные);Демонстрационный орган по сертификации;2028-12-31;;
18810;ЕАЭС KZ ДЕМО-018810;Сертификат соответствия ТР ТС 004/2011 (демо-данные);Демонстрационный орган по сертификации;2028-12-31;;
22800;ЕАЭС KZ ДЕМО-022800;Сертификат соответствия ТР ТС 004/2011 (демо-данные);Демонстрационный орган по сертификации;2028-12-31;;
25450;ЕАЭС KZ ДЕМО-025450;Сертификат соответствия ТР ТС 004/2011 (демо-данные);Демонстрационный орган по сертификации;2028-12-31;;
34790;ЕАЭС KZ ДЕМО-034790;Сертификат соответствия ТР ТС 004/2011 (демо-данные);Демонстрационный орган по сертификации;2028-12-31;;
38520;ЕАЭС KZ ДЕМО-038520;Сертификат соответствия ТР ТС 004/2011 (демо-данные);Демонстрационный орган по сертификации;2028-12-31;;
44790;ЕАЭС KZ ДЕМО-044790;Сертификат соответствия ТР ТС 004/2011 (демо-данные);Демонстрационный орган по сертификации;2028-12-31;;
526420;ЕАЭС KZ ДЕМО-526420;Сертификат соответствия ТР ТС 004/2011 (демо-данные);Демонстрационный орган по сертификации;2028-12-31;;
19250;ЕАЭС KZ ДЕМО-019250;Сертификат соответствия ТР ТС 004/2011 (демо-данные);Демонстрационный орган по сертификации;2028-12-31;;
20260;ЕАЭС KZ ДЕМО-020260;Сертификат соответствия ТР ТС 004/2011 (демо-данные);Демонстрационный орган по сертификации;2028-12-31;;
37460;ЕАЭС KZ ДЕМО-037460;Сертификат соответствия ТР ТС 004/2011 (демо-данные);Демонстрационный орган по сертификации;2028-12-31;;
37180;ЕАЭС KZ ДЕМО-037180;Сертификат соответствия ТР ТС 004/2011 (демо-данные);Демонстрационный орган по сертификации;2028-12-31;;
37240;ЕАЭС KZ ДЕМО-037240;Сертификат соответствия ТР ТС 004/2011 (демо-данные);Демонстрационный орган по сертификации;2028-12-31;;
37480;ЕАЭС KZ ДЕМО-037480;Сертификат соответствия ТР ТС 004/2011 (демо-данные);Демонстрационный орган по сертификации;2028-12-31;;
37470;ЕАЭС KZ ДЕМО-037470;Сертификат соответствия ТР ТС 004/2011 (демо-данные);Демонстрационный орган по сертификации;2028-12-31;;
44980;ЕАЭС KZ ДЕМО-044980;Сертификат соответствия ТР ТС 004/2011 (демо-данные);Демонстрационный орган по сертификации;2028-12-31;;
44400;ЕАЭС KZ ДЕМО-044400;Сертификат соответствия ТР ТС 004/2011 (демо-данные);Демонстрационный орган по сертификации;2028-12-31;;
44960;ЕАЭС KZ ДЕМО-044960;Сертификат соответствия ТР ТС 004/2011 (демо-данные);Демонстрационный орган по сертификации;2028-12-31;;
50060;ЕАЭС KZ ДЕМО-050060;Сертификат соответствия ТР ТС 004/2011 (демо-данные);Демонстрационный орган по сертификации;2028-12-31;;
39210;ЕАЭС KZ ДЕМО-039210;Сертификат соответствия ТР ТС 004/2011 (демо-данные);Демонстрационный орган по сертификации;2028-12-31;;
25100;ЕАЭС KZ ДЕМО-025100;Сертификат соответствия ТР ТС 004/2011 (демо-данные);Демонстрационный орган по сертификации;2028-12-31;;
22750;ЕАЭС KZ ДЕМО-022750;Сертификат соответствия ТР ТС 004/2011 (демо-данные);Демонстрационный орган по сертификации;2028-12-31;;
29460;ЕАЭС KZ ДЕМО-029460;Сертификат соответствия ТР ТС 004/2011 (демо-данные);Демонстрационный орган по сертификации;2028-12-31;;
516180;ЕАЭС KZ ДЕМО-516180;Сертификат соответствия ТР ТС 004/2011 (демо-данные);Демонстрационный орган по сертификации;2028-12-31;;
50070;ЕАЭС KZ ДЕМО-050070;Сертификат соответствия ТР ТС 004/2011 (демо-данные);Демонстрационный орган по сертификации;2028-12-31;;
56500;ЕАЭС KZ ДЕМО-056500;Сертификат соответствия ТР ТС 004/2011 (демо-данные);Демонстрационный орган по сертификации;2028-12-31;;
34340;ЕАЭС KZ ДЕМО-034340;Сертификат соответствия ТР ТС 004/2011 (демо-данные);Демонстрационный орган по сертификации;2028-12-31;;
18670;ЕАЭС KZ ДЕМО-018670;Сертификат соответствия ТР ТС 004/2011 (демо-данные);Демонстрационный орган по сертификации;2028-12-31;;
18720;ЕАЭС KZ ДЕМО-018720;Сертификат соответствия ТР ТС 004/2011 (демо-данные);Демонстрационный орган по сертификации;2028-12-31;;
34320;ЕАЭС KZ ДЕМО-034320;Сертификат соответствия ТР ТС 004/2011 (демо-данные);Демонстрационный орган по сертификации;2028-12-31;;
39180;ЕАЭС KZ ДЕМО-039180;Сертификат соответствия ТР ТС 004/2011 (демо-данные);Демонстрационный орган по сертификации;2028-12-31;;
23560;ЕАЭС KZ ДЕМО-023560;Сертификат соответствия ТР ТС 004/2011 (демо-данные);Демонстрационный орган по сертификации;2028-12-31;;
34330;ЕАЭС KZ ДЕМО-034330;Сертификат соответствия ТР ТС 004/2011 (демо-данные);Демонстрационный орган по сертификации;2028-12-31;;
23620;ЕАЭС KZ ДЕМО-023620;Сертификат соответствия ТР ТС 004/2011 (демо-данные);Демонстрационный орган по сертификации;2028-12-31;;
20660;ЕАЭС KZ ДЕМО-020660;Сертификат соответствия ТР ТС 004/2011 (демо-данные);Демонстрационный орган по сертификации;2028-12-31;;
520690;ЕАЭС KZ ДЕМО-520690;Сертификат соответствия ТР ТС 004/2011 (демо-данные);Демонстрационный орган по сертификации;2028-12-31;;
22000;ЕАЭС KZ ДЕМО-022000;Сертификат соответствия ТР ТС 004/2011 (демо-данные);Демонстрационный орган по сертификации;2028-12-31;;
519650;ЕАЭС KZ ДЕМО-519650;Сертификат соответствия ТР ТС 004/2011 (демо-данные);Демонстрационный орган по сертификации;2028-12-31;;
519640;ЕАЭС KZ ДЕМО-519640;Сертификат соответствия ТР ТС 004/2011 (демо-данные);Демонстрационный орган по сертификации;2028-12-31;;
519660;ЕАЭС KZ ДЕМО-519660;Сертификат соответствия ТР ТС 004/2011 (демо-данные);Демонстрационный орган по сертификации;2028-12-31;;
519630;ЕАЭС KZ ДЕМО-519630;Сертификат соответствия ТР ТС 004/2011 (демо-данные);Демонстрационный орган по сертификации;2028-12-31;;
519670;ЕАЭС KZ ДЕМО-519670;Сертификат соответствия ТР ТС 004/2011 (демо-данные);Демонстрационный орган по сертификации;2028-12-31;;
519700;ЕАЭС KZ ДЕМО-519700;Сертификат соответствия ТР ТС 004/2011 (демо-данные);Демонстрационный орган по сертификации;2028-12-31;;
519690;ЕАЭС KZ ДЕМО-519690;Сертификат соответствия ТР ТС 004/2011 (демо-данные);Демонстрационный орган по сертификации;2028-12-31;;
519530;ЕАЭС KZ ДЕМО-519530;Сертификат соответствия ТР ТС 004/2011 (демо-данные);Демонстрационный орган по сертификации;2028-12-31;;
519520;ЕАЭС KZ ДЕМО-519520;Сертификат соответствия ТР ТС 004/2011 (демо-данные);Демонстрационный орган по сертификации;2028-12-31;;
519680;ЕАЭС KZ ДЕМО-519680;Сертификат соответствия ТР ТС 004/2011 (демо-данные);Демонстрационный орган по сертификации;2028-12-31;;
23480;ЕАЭС KZ ДЕМО-023480;Сертификат соответствия ТР ТС 004/2011 (демо-данные);Демонстрационный орган по сертификации;2028-12-31;;
46000;ЕАЭС KZ ДЕМО-046000;Сертификат соответствия ТР ТС 004/2011 (демо-данные);Демонстрационный орган по сертификации;2028-12-31;;
46010;ЕАЭС KZ ДЕМО-046010;Сертификат соответствия ТР ТС 004/2011 (демо-данные);Демонстрационный орган по сертификации;2028-12-31;;
19990;ЕАЭС KZ ДЕМО-019990;Сертификат соответствия ТР ТС 004/2011 (демо-данные);Демонстрационный орган по сертификации;2028-12-31;;
46030;ЕАЭС KZ ДЕМО-046030;Сертификат соответствия ТР ТС 004/2011 (демо-данные);Демонстрационный орган по сертификации;2028-12-31;;
46020;ЕАЭС KZ ДЕМО-046020;Сертификат соответствия ТР ТС 004/2011 (демо-данные);Демонстрационный орган по сертификации;2028-12-31;;
21520;ЕАЭС KZ ДЕМО-021520;Сертификат соответствия ТР ТС 004/2011 (демо-данные);Демонстрационный орган по сертификации;2028-12-31;;
17990;ЕАЭС KZ ДЕМО-017990;Сертификат соответствия ТР ТС 004/2011 (демо-данные);Демонстрационный орган по сертификации;2028-12-31;;
24550;ЕАЭС KZ ДЕМО-024550;Сертификат соответствия ТР ТС 004/2011 (демо-данные);Демонстрационный орган по сертификации;2028-12-31;;
46040;ЕАЭС KZ ДЕМО-046040;Сертификат соответствия ТР ТС 004/2011 (демо-данные);Демонстрационный орган по сертификации;2028-12-31;;
39140;ЕАЭС KZ ДЕМО-039140;Сертификат соответствия ТР ТС 004/2011 (демо-данные);Демонстрационный орган по сертификации;2028-12-31;;
46050;ЕАЭС KZ ДЕМО-046050;Сертификат соответствия ТР ТС 004/2011 (демо-данные);Демонстрационный орган по сертификации;2028-12-31;;
46060;ЕАЭС KZ ДЕМО-046060;Сертификат соответствия ТР ТС 004/2011 (демо-данные);Демонстрационный орган по сертификации;2028-12-31;;
53060;ЕАЭС KZ ДЕМО-053060;Сертификат соответствия ТР ТС 004/2011 (демо-данные);Демонстрационный орган по сертификации;2028-12-31;;
20790;ЕАЭС KZ ДЕМО-020790;Сертификат соответствия ТР ТС 004/2011 (демо-данные);Демонстрационный орган по сертификации;2028-12-31;;
46070;ЕАЭС KZ ДЕМО-046070;Сертификат соответствия ТР ТС 004/2011 (демо-данные);Демонстрационный орган по сертификации;2028-12-31;;
46080;ЕАЭС KZ ДЕМО-046080;Сертификат соответствия ТР ТС 004/2011 (демо-данные);Демонстрационный орган по сертификации;2028-12-31;;
53050;ЕАЭС KZ ДЕМО-053050;Сертификат соответствия ТР ТС 004/2011 (демо-данные);Демонстрационный орган по сертификации;2028-12-31;;
46100;ЕАЭС KZ ДЕМО-046100;Сертификат соответствия ТР ТС 004/2011 (демо-данные);Демонстрационный орган по сертификации;2028-12-31;;
46090;ЕАЭС KZ ДЕМО-046090;Сертификат соответствия ТР ТС 004/2011 (демо-данные);Демонстрационный орган по сертификации;2028-12-31;;
519370;ЕАЭС KZ ДЕМО-519370;Сертификат соответствия ТР ТС 004/2011 (демо-данные);Демонстрационный орган по сертификации;2028-12-31;;
20600;ЕАЭС KZ ДЕМО-020600;Сертификат соответствия ТР ТС 004/2011 (демо-данные);Демонстрационный орган по сертификации;2028-12-31;;
21590;ЕАЭС KZ ДЕМО-021590;Сертификат соответствия ТР ТС 004/2011 (демо-данные);Демонстрационный орган по сертификации;2028-12-31;;
51310;ЕАЭС KZ ДЕМО-051310;Сертификат соответствия ТР ТС 004/2011 (демо-данные);Демонстрационный орган по сертификации;2028-12-31;;
18020;ЕАЭС KZ ДЕМО-018020;Сертификат соответствия ТР ТС 004/2011 (демо-данные);Демонстрационный орган по сертификации;2028-12-31;;
18700;ЕАЭС KZ ДЕМО-018700;Сертификат соответствия ТР ТС 004/2011 (демо-данные);Демонстрационный орган по сертификации;2028-12-31;;
21680;ЕАЭС KZ ДЕМО-021680;Сертификат соответствия ТР ТС 004/2011 (демо-данные);Демонстрационный орган по сертификации;2028-12-31;;
21020;ЕАЭС KZ ДЕМО-021020;Сертификат соответствия ТР ТС 004/2011 (демо-данные);Демонстрационный орган по сертификации;2028-12-31;;
21690;ЕАЭС KZ ДЕМО-021690;Сертификат соответствия ТР ТС 004/2011 (демо-данные);Демонстрационный орган по сертификации;2028-12-31;;
21710;ЕАЭС KZ ДЕМО-021710;Сертификат соответствия ТР ТС 004/2011 (демо-данные);Демонстрационный орган по сертификации;2028-12-31;;
20740;ЕАЭС KZ ДЕМО-020740;Сертификат соответствия ТР ТС 004/2011 (демо-данные);Демонстрационный орган по сертификации;2028-12-31;;
45960;ЕАЭС KZ ДЕМО-045960;Сертификат соответствия ТР ТС 004/2011 (демо-данные);Демонстрационный орган по сертификации;2028-12-31;;
45970;ЕАЭС KZ ДЕМО-045970;Сертификат соответствия ТР ТС 004/2011 (демо-данные);Демонстрационный орган по сертификации;2028-12-31;;
19550;ЕАЭС KZ ДЕМО-019550;Сертификат соответствия ТР ТС 004/2011 (демо-данные);Демонстрационный орган по сертификации;2028-12-31;;
23540;ЕАЭС KZ ДЕМО-023540;Сертификат соответствия ТР ТС 004/2011 (демо-данные);Демонстрационный орган по сертификации;2028-12-31;;
45950;ЕАЭС KZ ДЕМО-045950;Сертификат соответствия ТР ТС 004/2011 (демо-данные);Демонстрационный орган по сертификации;2028-12-31;;
45980;ЕАЭС KZ ДЕМО-045980;Сертификат соответствия ТР ТС 004/2011 (демо-данные);Демонстрационный орган по сертификации;2028-12-31;;
18550;ЕАЭС KZ ДЕМО-018550;Сертификат соответствия ТР ТС 004/2011 (демо-данные);Демонстрационный орган по сертификации;2028-12-31;;
22540;ЕАЭС KZ ДЕМО-022540;Сертификат соответствия ТР ТС 004/2011 (демо-данные);Демонстрационный орган по сертификации;2028-12-31;;
51450;ЕАЭС KZ ДЕМО-051450;Сертификат соответствия ТР ТС 004/2011 (демо-данные);Демонстрационный орган по сертификации;2028-12-31;;
53040;ЕАЭС KZ ДЕМО-053040;Сертификат соответствия ТР ТС 004/2011 (демо-данные);Демонстрационный орган по сертификации;2028-12-31;;
25160;ЕАЭС KZ ДЕМО-025160;Сертификат соответствия ТР ТС 004/2011 (демо-данные);Демонстрационный орган по сертификации;2028-12-31;;
25180;ЕАЭС KZ ДЕМО-025180;Сертификат соответствия ТР ТС 004/2011 (демо-данные);Демонстрационный орган по сертификации;2028-12-31;;
25190;ЕАЭС KZ ДЕМО-025190;Сертификат соответствия ТР ТС 004/2011 (демо-данные);Демонстрационный орган по сертификации;2028-12-31;;
25170;ЕАЭС KZ ДЕМО-025170;Сертификат соответствия ТР ТС 004/2011 (демо-данные);Демонстрационный орган по сертификации;2028-12-31;;
25200;ЕАЭС KZ ДЕМО-025200;Сертификат соответствия ТР ТС 004/2011 (демо-данные);Демонстрационный орган по сертификации;2028-12-31;;
30280;ЕАЭС KZ ДЕМО-030280;Сертификат соответствия ТР ТС 004/2011 (демо-данные);Демонстрационный орган по сертификации;2028-12-31;;
525770;ЕАЭС KZ ДЕМО-525770;Сертификат соответствия ТР ТС 004/2011 (демо-данные);Демонстрационный орган по сертификации;2028-12-31;;
525760;ЕАЭС KZ ДЕМО-525760;Сертификат соответствия ТР ТС 004/2011 (демо-данные);Демонстрационный орган по сертификации;2028-12-31;;
38570;ЕАЭС KZ ДЕМО-038570;Сертификат соответствия ТР ТС 004/2011 (демо-данные);Демонстрационный орган по сертификации;2028-12-31;;
37150;ЕАЭС KZ ДЕМО-037150;Сертификат соответствия ТР ТС 004/2011 (демо-данные);Демонстрационный орган по сертификации;2028-12-31;;
20620;ЕАЭС KZ ДЕМО-020620;Сертификат соответствия ТР ТС 004/2011 (демо-данные);Демонстрационный орган по сертификации;2028-12-31;;
51240;ЕАЭС KZ ДЕМО-051240;Сертификат соответствия ТР ТС 004/2011 (демо-данные);Демонстрационный орган по сертификации;2028-12-31;;
38580;ЕАЭС KZ ДЕМО-038580;Сертификат соответствия ТР ТС 004/2011 (демо-данные);Демонстрационный орган по сертификации;2028-12-31;;
518940;ЕАЭС KZ ДЕМО-518940;Сертификат соответствия ТР ТС 004/2011 (демо-данные);Демонстрационный орган по сертификации;2028-12-31;;
38550;ЕАЭС KZ ДЕМО-038550;Сертификат соответствия ТР ТС 004/2011 (демо-данные);Демонстрационный орган по сертификации;2028-12-31;;
24000;ЕАЭС KZ ДЕМО-024000;Сертификат соответствия ТР ТС 004/2011 (демо-данные);Демонстрационный орган по сертификации;2028-12-31;;
515040;ЕАЭС KZ ДЕМО-515040;Сертификат соответствия ТР ТС 004/2011 (демо-данные);Демонстрационный орган по сертификации;2028-12-31;;
21750;ЕАЭС KZ ДЕМО-021750;Сертификат соответствия ТР ТС 004/2011 (демо-данные);Демонстрационный орган по сертификации;2028-12-31;;
48930;ЕАЭС KZ ДЕМО-048930;Сертификат соответствия ТР ТС 004/2011 (демо-данные);Демонстрационный орган по сертификации;2028-12-31;;
38560;ЕАЭС KZ ДЕМО-038560;Сертификат соответствия ТР ТС 004/2011 (демо-данные);Демонстрационный орган по сертификации;2028-12-31;;
48920;ЕАЭС KZ ДЕМО-048920;Сертификат соответствия ТР ТС 004/2011 (демо-данные);Демонстрационный орган по сертификации;2028-12-31;;
19020;ЕАЭС KZ ДЕМО-019020;Сертификат соответствия ТР ТС 004/2011 (демо-данные);Демонстрационный орган по сертификации;2028-12-31;;
521230;ЕАЭС KZ ДЕМО-521230;Сертификат соответствия ТР ТС 004/2011 (демо-данные);Демонстрационный орган по сертификации;2028-12-31;;
518920;ЕАЭС KZ ДЕМО-518920;Сертификат соответствия ТР ТС 004/2011 (демо-данные);Демонстрационный орган по сертификации;2028-12-31;;
514960;ЕАЭС KZ ДЕМО-514960;Сертификат соответствия ТР ТС 004/2011 (демо-данные);Демонстрационный орган по сертификации;2028-12-31;;
514940;ЕАЭС KZ ДЕМО-514940;Сертификат соответствия ТР ТС 004/2011 (демо-данные);Демонстрационный орган по сертификации;2028-12-31;;
511890;ЕАЭС KZ ДЕМО-511890;Сертификат соответствия ТР ТС 004/2011 (демо-данные);Демонстрационный орган по сертификации;2028-12-31;;
532710;ЕАЭС KZ ДЕМО-532710;Сертификат соответствия ТР ТС 004/2011 (демо-данные);Демонстрационный орган по сертификации;2028-12-31;;
511900;ЕАЭС KZ ДЕМО-511900;Сертификат соответствия ТР ТС 004/2011 (демо-данные);Демонстрационный орган по сертификации;2028-12-31;;
39000;ЕАЭС KZ ДЕМО-039000;Сертификат соответствия ТР ТС 004/2011 (демо-данные);Демонстрационный орган по сертификации;2028-12-31;;
512130;ЕАЭС KZ ДЕМО-512130;Сертификат соответствия ТР ТС 004/2011 (демо-данные);Демонстрационный орган по сертификации;2028-12-31;;
19520;ЕАЭС KZ ДЕМО-019520;Сертификат соответствия ТР ТС 004/2011 (демо-данные);Демонстрационный орган по сертификации;2028-12-31;;
18510;ЕАЭС KZ ДЕМО-018510;Сертификат соответствия ТР ТС 004/2011 (демо-данные);Демонстрационный орган по сертификации;2028-12-31;;
24800;ЕАЭС KZ ДЕМО-024800;Сертификат соответствия ТР ТС 004/2011 (демо-данные);Демонстрационный орган по сертификации;2028-12-31;;
18140;ЕАЭС KZ ДЕМО-018140;Сертификат соответствия ТР ТС 004/2011 (демо-данные);Демонстрационный орган по сертификации;2028-12-31;;
23770;ЕАЭС KZ ДЕМО-023770;Сертификат соответствия ТР ТС 004/2011 (демо-данные);Демонстрационный орган по сертификации;2028-12-31;;
25110;ЕАЭС KZ ДЕМО-025110;Сертификат соответствия ТР ТС 004/2011 (демо-данные);Демонстрационный орган по сертификации;2028-12-31;;
44950;ЕАЭС KZ ДЕМО-044950;Сертификат соответствия ТР ТС 004/2011 (демо-данные);Демонстрационный орган по сертификации;2028-12-31;;
39020;ЕАЭС KZ ДЕМО-039020;Сертификат соответствия ТР ТС 004/2011 (демо-данные);Демонстрационный орган по сертификации;2028-12-31;;
37310;ЕАЭС KZ ДЕМО-037310;Сертификат соответствия ТР ТС 004/2011 (демо-данные);Демонстрационный орган по сертификации;2028-12-31;;
522000;ЕАЭС KZ ДЕМО-522000;Сертификат соответствия ТР ТС 004/2011 (демо-данные);Демонстрационный орган по сертификации;2028-12-31;;
521990;ЕАЭС KZ ДЕМО-521990;Сертификат соответствия ТР ТС 004/2011 (демо-данные);Демонстрационный орган по сертификации;2028-12-31;;
39010;ЕАЭС KZ ДЕМО-039010;Сертификат соответствия ТР ТС 004/2011 (демо-данные);Демонстрационный орган по сертификации;2028-12-31;;
25470;ЕАЭС KZ ДЕМО-025470;Сертификат соответствия ТР ТС 004/2011 (демо-данные);Демонстрационный орган по сертификации;2028-12-31;;
21780;ЕАЭС KZ ДЕМО-021780;Сертификат соответствия ТР ТС 004/2011 (демо-данные);Демонстрационный орган по сертификации;2028-12-31;;
19790;ЕАЭС KZ ДЕМО-019790;Сертификат соответствия ТР ТС 004/2011 (демо-данные);Демонстрационный орган по сертификации;2028-12-31;;
25440;ЕАЭС KZ ДЕМО-025440;Сертификат соответствия ТР ТС 004/2011 (демо-данные);Демонстрационный орган по сертификации;2028-12-31;;
25430;ЕАЭС KZ ДЕМО-025430;Сертификат соответствия ТР ТС 004/2011 (демо-данные);Демонстрационный орган по сертификации;2028-12-31;;
24810;ЕАЭС KZ ДЕМО-024810;Сертификат соответствия ТР ТС 004/2011 (демо-данные);Демонстрационный орган по сертификации;2028-12-31;;
53990;ЕАЭС KZ ДЕМО-053990;Сертификат соответствия ТР ТС 004/2011 (демо-данные);Демонстрационный орган по сертификации;2028-12-31;;
25480;ЕАЭС KZ ДЕМО-025480;Сертификат соответствия ТР ТС 004/2011 (демо-данные);Демонстрационный орган по сертификации;2028-12-31;;
25460;ЕАЭС KZ ДЕМО-025460;Сертификат соответствия ТР ТС 004/2011 (демо-данные);Демонстрационный орган по сертификации;2028-12-31;;
53980;ЕАЭС KZ ДЕМО-053980;Сертификат соответствия ТР ТС 004/2011 (демо-данные);Демонстрационный орган по сертификации;2028-12-31;;
521850;ЕАЭС KZ ДЕМО-521850;Сертификат соответствия ТР ТС 004/2011 (демо-данные);Демонстрационный орган по сертификации;2028-12-31;;
521950;ЕАЭС KZ ДЕМО-521950;Сертификат соответствия ТР ТС 004/2011 (демо-данные);Демонстрационный орган по сертификации;2028-12-31;;
521960;ЕАЭС KZ ДЕМО-521960;Сертификат соответствия ТР ТС 004/2011 (демо-данные);Демонстрационный орган по сертификации;2028-12-31;;
521970;ЕАЭС KZ ДЕМО-521970;Сертификат соответствия ТР ТС 004/2011 (демо-данные);Демонстрационный орган по сертификации;2028-12-31;;
521980;ЕАЭС KZ ДЕМО-521980;Сертификат соответствия ТР ТС 004/2011 (демо-данные);Демонстрационный орган по сертификации;2028-12-31;;
521860;ЕАЭС KZ ДЕМО-521860;Сертификат соответствия ТР ТС 004/2011 (демо-данные);Демонстрационный орган по сертификации;2028-12-31;;
521870;ЕАЭС KZ ДЕМО-521870;Сертификат соответствия ТР ТС 004/2011 (демо-данные);Демонстрационный орган по сертификации;2028-12-31;;
521880;ЕАЭС KZ ДЕМО-521880;Сертификат соответствия ТР ТС 004/2011 (демо-данные);Демонстрационный орган по сертификации;2028-12-31;;
521890;ЕАЭС KZ ДЕМО-521890;Сертификат соответствия ТР ТС 004/2011 (демо-данные);Демонстрационный орган по сертификации;2028-12-31;;
521900;ЕАЭС KZ ДЕМО-521900;Сертификат соответствия ТР ТС 004/2011 (демо-данные);Демонстрационный орган по сертификации;2028-12-31;;
521910;ЕАЭС KZ ДЕМО-521910;Сертификат соответствия ТР ТС 004/2011 (демо-данные);Демонстрационный орган по сертификации;2028-12-31;;
521920;ЕАЭС KZ ДЕМО-521920;Сертификат соответствия ТР ТС 004/2011 (демо-данные);Демонстрационный орган по сертификации;2028-12-31;;
521930;ЕАЭС KZ ДЕМО-521930;Сертификат соответствия ТР ТС 004/2011 (демо-данные);Демонстрационный орган по сертификации;2028-12-31;;
521940;ЕАЭС KZ ДЕМО-521940;Сертификат соответствия ТР ТС 004/2011 (демо-данные);Демонстрационный орган по сертификации;2028-12-31;;
25810;ЕАЭС KZ ДЕМО-025810;Сертификат соответствия ТР ТС 004/2011 (демо-данные);Демонстрационный орган по сертификации;2028-12-31;;
22130;ЕАЭС KZ ДЕМО-022130;Сертификат соответствия ТР ТС 004/2011 (демо-данные);Демонстрационный орган по сертификации;2028-12-31;;
34830;ЕАЭС KZ ДЕМО-034830;Сертификат соответствия ТР ТС 004/2011 (демо-данные);Демонстрационный орган по сертификации;2028-12-31;;
23550;ЕАЭС KZ ДЕМО-023550;Сертификат соответствия ТР ТС 004/2011 (демо-данные);Демонстрационный орган по сертификации;2028-12-31;;
25830;ЕАЭС KZ ДЕМО-025830;Сертификат соответствия ТР ТС 004/2011 (демо-данные);Демонстрационный орган по сертификации;2028-12-31;;
24590;ЕАЭС KZ ДЕМО-024590;Сертификат соответствия ТР ТС 004/2011 (демо-данные);Демонстрационный орган по сертификации;2028-12-31;;
25070;ЕАЭС KZ ДЕМО-025070;Сертификат соответствия ТР ТС 004/2011 (демо-данные);Демонстрационный орган по сертификации;2028-12-31;;
24450;ЕАЭС KZ ДЕМО-024450;Сертификат соответствия ТР ТС 004/2011 (демо-данные);Демонстрационный орган по сертификации;2028-12-31;;
21660;ЕАЭС KZ ДЕМО-021660;Сертификат соответствия ТР ТС 004/2011 (демо-данные);Демонстрационный орган по сертификации;2028-12-31;;
24700;ЕАЭС KZ ДЕМО-024700;Сертификат соответствия ТР ТС 004/2011 (демо-данные);Демонстрационный орган по сертификации;2028-12-31;;
20150;ЕАЭС KZ ДЕМО-020150;Сертификат соответствия ТР ТС 004/2011 (демо-данные);Демонстрационный орган по сертификации;2028-12-31;;
23140;ЕАЭС KZ ДЕМО-023140;Сертификат соответствия ТР ТС 004/2011 (демо-данные);Демонстрационный орган по сертификации;2028-12-31;;
20720;ЕАЭС KZ ДЕМО-020720;Сертификат соответствия ТР ТС 004/2011 (демо-данные);Демонстрационный орган по сертификации;2028-12-31;;
36080;ЕАЭС KZ ДЕМО-036080;Сертификат соответствия ТР ТС 004/2011 (демо-данные);Демонстрационный орган по сертификации;2028-12-31;;
35880;ЕАЭС KZ ДЕМО-035880;Сертификат соответствия ТР ТС 004/2011 (демо-данные);Демонстрационный орган по сертификации;2028-12-31;;
20160;ЕАЭС KZ ДЕМО-020160;Сертификат соответствия ТР ТС 004/2011 (демо-данные);Демонстрационный орган по сертификации;2028-12-31;;
22720;ЕАЭС KZ ДЕМО-022720;Сертификат соответствия ТР ТС 004/2011 (демо-данные);Демонстрационный орган по сертификации;2028-12-31;;
19720;ЕАЭС KZ ДЕМО-019720;Сертификат соответствия ТР ТС 004/2011 (демо-данные);Демонстрационный орган по сертификации;2028-12-31;;
518130;ЕАЭС KZ ДЕМО-518130;Сертификат соответствия ТР ТС 004/2011 (демо-данные);Демонстрационный орган по сертификации;2028-12-31;;
24570;ЕАЭС KZ ДЕМО-024570;Сертификат соответствия ТР ТС 004/2011 (демо-данные);Демонстрационный орган по сертификации;2028-12-31;;
49510;ЕАЭС KZ ДЕМО-049510;Сертификат соответствия ТР ТС 004/2011 (демо-данные);Демонстрационный орган по сертификации;2028-12-31;;
49520;ЕАЭС KZ ДЕМО-049520;Сертификат соответствия ТР ТС 004/2011 (демо-данные);Демонстрационный орган по сертификации;2028-12-31;;
517550;ЕАЭС KZ ДЕМО-517550;Сертификат соответствия ТР ТС 004/2011 (демо-данные);Демонстрационный орган по сертификации;2028-12-31;;
517560;ЕАЭС KZ ДЕМО-517560;Сертификат соответствия ТР ТС 004/2011 (демо-данные);Демонстрационный орган по сертификации;2028-12-31;;
37170;ЕАЭС KZ ДЕМО-037170;Сертификат соответствия ТР ТС 004/2011 (демо-данные);Демонстрационный орган по сертификации;2028-12-31;;
21000;ЕАЭС KZ ДЕМО-021000;Сертификат соответствия ТР ТС 004/2011 (демо-данные);Демонстрационный орган по сертификации;2028-12-31;;
49530;ЕАЭС KZ ДЕМО-049530;Сертификат соответствия ТР ТС 004/2011 (демо-данные);Демонстрационный орган по сертификации;2028-12-31;;
18000;ЕАЭС KZ ДЕМО-018000;Сертификат соответствия ТР ТС 004/2011 (демо-данные);Демонстрационный орган по сертификации;2028-12-31;;
20570;ЕАЭС KZ ДЕМО-020570;Сертификат соответствия ТР ТС 004/2011 (демо-данные);Демонстрационный орган по сертификации;2028-12-31;;
20440;ЕАЭС KZ ДЕМО-020440;Сертификат соответствия ТР ТС 004/2011 (демо-данные);Демонстрационный орган по сертификации;2028-12-31;;
18370;ЕАЭС KZ ДЕМО-018370;Сертификат соответствия ТР ТС 004/2011 (демо-данные);Демонстрационный орган по сертификации;2028-12-31;;
23400;ЕАЭС KZ ДЕМО-023400;Сертификат соответствия ТР ТС 004/2011 (демо-данные);Демонстрационный орган по сертификации;2028-12-31;;
20120;ЕАЭС KZ ДЕМО-020120;Сертификат соответствия ТР ТС 004/2011 (демо-данные);Демонстрационный орган по сертификации;2028-12-31;;
508550;ЕАЭС KZ ДЕМО-508550;Сертификат соответствия ТР ТС 004/2011 (демо-данные);Демонстрационный орган по сертификации;2028-12-31;;
23390;ЕАЭС KZ ДЕМО-023390;Сертификат соответствия ТР ТС 004/2011 (демо-данные);Демонстрационный орган по сертификации;2028-12-31;;
24400;ЕАЭС KZ ДЕМО-024400;Сертификат соответствия ТР ТС 004/2011 (демо-данные);Демонстрационный орган по сертификации;2028-12-31;;
22410;ЕАЭС KZ ДЕМО-022410;Сертификат соответствия ТР ТС 004/2011 (демо-данные);Демонстрационный орган по сертификации;2028-12-31;;
19400;ЕАЭС KZ ДЕМО-019400;Сертификат соответствия ТР ТС 004/2011 (демо-данные);Демонстрационный орган по сертификации;2028-12-31;;
19390;ЕАЭС KZ ДЕМО-019390;Сертификат соответствия ТР ТС 004/2011 (демо-данные);Демонстрационный орган по сертификации;2028-12-31;;
23380;ЕАЭС KZ ДЕМО-023380;Сертификат соответствия ТР ТС 004/2011 (демо-данные);Демонстрационный орган по сертификации;2028-12-31;;
40910;ЕАЭС KZ ДЕМО-040910;Сертификат соответствия ТР ТС 004/2011 (демо-данные);Демонстрационный орган по сертификации;2028-12-31;;
22480;ЕАЭС KZ ДЕМО-022480;Сертификат соответствия ТР ТС 004/2011 (демо-данные);Демонстрационный орган по сертификации;2028-12-31;;
20910;ЕАЭС KZ ДЕМО-020910;Сертификат соответствия ТР ТС 004/2011 (демо-данные);Демонстрационный орган по сертификации;2028-12-31;;
24110;ЕАЭС KZ ДЕМО-024110;Сертификат соответствия ТР ТС 004/2011 (демо-данные);Демонстрационный орган по сертификации;2028-12-31;;
23460;ЕАЭС KZ ДЕМО-023460;Сертификат соответствия ТР ТС 004/2011 (демо-данные);Демонстрационный орган по сертификации;2028-12-31;;
19480;ЕАЭС KZ ДЕМО-019480;Сертификат соответствия ТР ТС 004/2011 (демо-данные);Демонстрационный орган по сертификации;2028-12-31;;
35870;ЕАЭС KZ ДЕМО-035870;Сертификат соответствия ТР ТС 004/2011 (демо-данные);Демонстрационный орган по сертификации;2028-12-31;;
35010;ЕАЭС KZ ДЕМО-035010;Сертификат соответствия ТР ТС 004/2011 (демо-данные);Демонстрационный орган по сертификации;2028-12-31;;
24500;ЕАЭС KZ ДЕМО-024500;Сертификат соответствия ТР ТС 004/2011 (демо-данные);Демонстрационный орган по сертификации;2028-12-31;;
23470;ЕАЭС KZ ДЕМО-023470;Сертификат соответствия ТР ТС 004/2011 (демо-данные);Демонстрационный орган по сертификации;2028-12-31;;
18460;ЕАЭС KZ ДЕМО-018460;Сертификат соответствия ТР ТС 004/2011 (демо-данные);Демонстрационный орган по сертификации;2028-12-31;;
20510;ЕАЭС KZ ДЕМО-020510;Сертификат соответствия ТР ТС 004/2011 (демо-данные);Демонстрационный орган по сертификации;2028-12-31;;
19490;ЕАЭС KZ ДЕМО-019490;Сертификат соответствия ТР ТС 004/2011 (демо-данные);Демонстрационный орган по сертификации;2028-12-31;;
32640;ЕАЭС KZ ДЕМО-032640;Сертификат соответствия ТР ТС 004/2011 (демо-данные);Демонстрационный орган по сертификации;2028-12-31;;
18470;ЕАЭС KZ ДЕМО-018470;Сертификат соответствия ТР ТС 004/2011 (демо-данные);Демонстрационный орган по сертификации;2028-12-31;;
21490;ЕАЭС KZ ДЕМО-021490;Сертификат соответствия ТР ТС 004/2011 (демо-данные);Демонстрационный орган по сертификации;2028-12-31;;
30240;ЕАЭС KZ ДЕМО-030240;Сертификат соответствия ТР ТС 004/2011 (демо-данные);Демонстрационный орган по сертификации;2028-12-31;;
54310;ЕАЭС KZ ДЕМО-054310;Сертификат соответствия ТР ТС 004/2011 (демо-данные);Демонстрационный орган по сертификации;2028-12-31;;
19440;ЕАЭС KZ ДЕМО-019440;Сертификат соответствия ТР ТС 004/2011 (демо-данные);Демонстрационный орган по сертификации;2028-12-31;;
22760;ЕАЭС KZ ДЕМО-022760;Сертификат соответствия ТР ТС 004/2011 (демо-данные);Демонстрационный орган по сертификации;2028-12-31;;
41870;ЕАЭС KZ ДЕМО-041870;Сертификат соответствия ТР ТС 004/2011 (демо-данные);Демонстрационный орган по сертификации;2028-12-31;;
531320;ЕАЭС KZ ДЕМО-531320;Сертификат соответствия ТР ТС 004/2011 (демо-данные);Демонстрационный орган по сертификации;2028-12-31;;
513710;ЕАЭС KZ ДЕМО-513710;Сертификат соответствия ТР ТС 004/2011 (демо-данные);Демонстрационный орган по сертификации;2028-12-31;;
532700;ЕАЭС KZ ДЕМО-532700;Сертификат соответствия ТР ТС 004/2011 (демо-данные);Демонстрационный орган по сертификации;2028-12-31;;
512220;ЕАЭС KZ ДЕМО-512220;Сертификат соответствия ТР ТС 004/2011 (демо-данные);Демонстрационный орган по сертификации;2028-12-31;;
45420;ЕАЭС KZ ДЕМО-045420;Сертификат соответствия ТР ТС 004/2011 (демо-данные);Демонстрационный орган по сертификации;2028-12-31;;
45410;ЕАЭС KZ ДЕМО-045410;Сертификат соответствия ТР ТС 004/2011 (демо-данные);Демонстрационный орган по сертификации;2028-12-31;;
45430;ЕАЭС KZ ДЕМО-045430;Сертификат соответствия ТР ТС 004/2011 (демо-данные);Демонстрационный орган по сертификации;2028-12-31;;
53560;ЕАЭС KZ ДЕМО-053560;Сертификат соответствия ТР ТС 004/2011 (демо-данные);Демонстрационный орган по сертификации;2028-12-31;;
45440;ЕАЭС KZ ДЕМО-045440;Сертификат соответствия ТР ТС 004/2011 (демо-данные);Демонстрационный орган по сертификации;2028-12-31;;
20530;ЕАЭС KZ ДЕМО-020530;Сертификат соответствия ТР ТС 004/2011 (демо-данные);Демонстрационный орган по сертификации;2028-12-31;;
526450;ЕАЭС KZ ДЕМО-526450;Сертификат соответствия ТР ТС 004/2011 (демо-данные);Демонстрационный орган по сертификации;2028-12-31;;
24540;ЕАЭС KZ ДЕМО-024540;Сертификат соответствия ТР ТС 004/2011 (демо-данные);Демонстрационный орган по сертификации;2028-12-31;;
18520;ЕАЭС KZ ДЕМО-018520;Сертификат соответствия ТР ТС 004/2011 (демо-данные);Демонстрационный орган по сертификации;2028-12-31;;
22980;ЕАЭС KZ ДЕМО-022980;Сертификат соответствия ТР ТС 004/2011 (демо-данные);Демонстрационный орган по сертификации;2028-12-31;;
23700;ЕАЭС KZ ДЕМО-023700;Сертификат соответствия ТР ТС 004/2011 (демо-данные);Демонстрационный орган по сертификации;2028-12-31;;
22730;ЕАЭС KZ ДЕМО-022730;Сертификат соответствия ТР ТС 004/2011 (демо-данные);Демонстрационный орган по сертификации;2028-12-31;;
50230;ЕАЭС KZ ДЕМО-050230;Сертификат соответствия ТР ТС 004/2011 (демо-данные);Демонстрационный орган по сертификации;2028-12-31;;
23530;ЕАЭС KZ ДЕМО-023530;Сертификат соответствия ТР ТС 004/2011 (демо-данные);Демонстрационный орган по сертификации;2028-12-31;;
526580;ЕАЭС KZ ДЕМО-526580;Сертификат соответствия ТР ТС 004/2011 (демо-данные);Демонстрационный орган по сертификации;2028-12-31;;
24770;ЕАЭС KZ ДЕМО-024770;Сертификат соответствия ТР ТС 004/2011 (демо-данные);Демонстрационный орган по сертификации;2028-12-31;;
515310;ЕАЭС KZ ДЕМО-515310;Сертификат соответствия ТР ТС 004/2011 (демо-данные);Демонстрационный орган по сертификации;2028-12-31;;
35330;ЕАЭС KZ ДЕМО-035330;Сертификат соответствия ТР ТС 004/2011 (демо-данные);Демонстрационный орган по сертификации;2028-12-31;;
34120;ЕАЭС KZ ДЕМО-034120;Сертификат соответствия ТР ТС 004/2011 (демо-данные);Демонстрационный орган по сертификации;2028-12-31;;
34130;ЕАЭС KZ ДЕМО-034130;Сертификат соответствия ТР ТС 004/2011 (демо-данные);Демонстрационный орган по сертификации;2028-12-31;;
35490;ЕАЭС KZ ДЕМО-035490;Сертификат соответствия ТР ТС 004/2011 (демо-данные);Демонстрационный орган по сертификации;2028-12-31;;
35470;ЕАЭС KZ ДЕМО-035470;Сертификат соответствия ТР ТС 004/2011 (демо-данные);Демонстрационный орган по сертификации;2028-12-31;;
35720;ЕАЭС KZ ДЕМО-035720;Сертификат соответствия ТР ТС 004/2011 (демо-данные);Демонстрационный орган по сертификации;2028-12-31;;
35480;ЕАЭС KZ ДЕМО-035480;Сертификат соответствия ТР ТС 004/2011 (демо-данные);Демонстрационный орган по сертификации;2028-12-31;;
35750;ЕАЭС KZ ДЕМО-035750;Сертификат соответствия ТР ТС 004/2011 (демо-данные);Демонстрационный орган по сертификации;2028-12-31;;
35500;ЕАЭС KZ ДЕМО-035500;Сертификат соответствия ТР ТС 004/2011 (демо-данные);Демонстрационный орган по сертификации;2028-12-31;;
35670;ЕАЭС KZ ДЕМО-035670;Сертификат соответствия ТР ТС 004/2011 (демо-данные);Демонстрационный орган по сертификации;2028-12-31;;
35680;ЕАЭС KZ ДЕМО-035680;Сертификат соответствия ТР ТС 004/2011 (демо-данные);Демонстрационный орган по сертификации;2028-12-31;;
35510;ЕАЭС KZ ДЕМО-035510;Сертификат соответствия ТР ТС 004/2011 (демо-данные);Демонстрационный орган по сертификации;2028-12-31;;
35730;ЕАЭС KZ ДЕМО-035730;Сертификат соответствия ТР ТС 004/2011 (демо-данные);Демонстрационный орган по сертификации;2028-12-31;;
45110;ЕАЭС KZ ДЕМО-045110;Сертификат соответствия ТР ТС 004/2011 (демо-данные);Демонстрационный орган по сертификации;2028-12-31;;
38810;ЕАЭС KZ ДЕМО-038810;Сертификат соответствия ТР ТС 004/2011 (демо-данные);Демонстрационный орган по сертификации;2028-12-31;;
20580;ЕАЭС KZ ДЕМО-020580;Сертификат соответствия ТР ТС 004/2011 (демо-данные);Демонстрационный орган по сертификации;2028-12-31;;
19930;ЕАЭС KZ ДЕМО-019930;Сертификат соответствия ТР ТС 004/2011 (демо-данные);Демонстрационный орган по сертификации;2028-12-31;;
22570;ЕАЭС KZ ДЕМО-022570;Сертификат соответствия ТР ТС 004/2011 (демо-данные);Демонстрационный орган по сертификации;2028-12-31;;
38800;ЕАЭС KZ ДЕМО-038800;Сертификат соответствия ТР ТС 004/2011 (демо-данные);Демонстрационный орган по сертификации;2028-12-31;;
35430;ЕАЭС KZ ДЕМО-035430;Сертификат соответствия ТР ТС 004/2011 (демо-данные);Демонстрационный орган по сертификации;2028-12-31;;
35460;ЕАЭС KZ ДЕМО-035460;Сертификат соответствия ТР ТС 004/2011 (демо-данные);Демонстрационный орган по сертификации;2028-12-31;;
34200;ЕАЭС KZ ДЕМО-034200;Сертификат соответствия ТР ТС 004/2011 (демо-данные);Демонстрационный орган по сертификации;2028-12-31;;
35450;ЕАЭС KZ ДЕМО-035450;Сертификат соответствия ТР ТС 004/2011 (демо-данные);Демонстрационный орган по сертификации;2028-12-31;;
35320;ЕАЭС KZ ДЕМО-035320;Сертификат соответствия ТР ТС 004/2011 (демо-данные);Демонстрационный орган по сертификации;2028-12-31;;
35420;ЕАЭС KZ ДЕМО-035420;Сертификат соответствия ТР ТС 004/2011 (демо-данные);Демонстрационный орган по сертификации;2028-12-31;;
35350;ЕАЭС KZ ДЕМО-035350;Сертификат соответствия ТР ТС 004/2011 (демо-данные);Демонстрационный орган по сертификации;2028-12-31;;
35440;ЕАЭС KZ ДЕМО-035440;Сертификат соответствия ТР ТС 004/2011 (демо-данные);Демонстрационный орган по сертификации;2028-12-31;;
34190;ЕАЭС KZ ДЕМО-034190;Сертификат соответствия ТР ТС 004/2011 (демо-данные);Демонстрационный орган по сертификации;2028-12-31;;
35380;ЕАЭС KZ ДЕМО-035380;Сертификат соответствия ТР ТС 004/2011 (демо-данные);Демонстрационный орган по сертификации;2028-12-31;;
35400;ЕАЭС KZ ДЕМО-035400;Сертификат соответствия ТР ТС 004/2011 (демо-данные);Демонстрационный орган по сертификации;2028-12-31;;
35410;ЕАЭС KZ ДЕМО-035410;Сертификат соответствия ТР ТС 004/2011 (демо-данные);Демонстрационный орган по сертификации;2028-12-31;;
35390;ЕАЭС KZ ДЕМО-035390;Сертификат соответствия ТР ТС 004/2011 (демо-данные);Демонстрационный орган по сертификации;2028-12-31;;
35740;ЕАЭС KZ ДЕМО-035740;Сертификат соответствия ТР ТС 004/2011 (демо-данные);Демонстрационный орган по сертификации;2028-12-31;;
35540;ЕАЭС KZ ДЕМО-035540;Сертификат соответствия ТР ТС 004/2011 (демо-данные);Демонстрационный орган по сертификации;2028-12-31;;
34180;ЕАЭС KZ ДЕМО-034180;Сертификат соответствия ТР ТС 004/2011 (демо-данные);Демонстрационный орган по сертификации;2028-12-31;;
35310;ЕАЭС KZ ДЕМО-035310;Сертификат соответствия ТР ТС 004/2011 (демо-данные);Демонстрационный орган по сертификации;2028-12-31;;
35340;ЕАЭС KZ ДЕМО-035340;Сертификат соответствия ТР ТС 004/2011 (демо-данные);Демонстрационный орган по сертификации;2028-12-31;;
35710;ЕАЭС KZ ДЕМО-035710;Сертификат соответствия ТР ТС 004/2011 (демо-данные);Демонстрационный орган по сертификации;2028-12-31;;
35520;ЕАЭС KZ ДЕМО-035520;Сертификат соответствия ТР ТС 004/2011 (демо-данные);Демонстрационный орган по сертификации;2028-12-31;;
35690;ЕАЭС KZ ДЕМО-035690;Сертификат соответствия ТР ТС 004/2011 (демо-данные);Демонстрационный орган по сертификации;2028-12-31;;
35550;ЕАЭС KZ ДЕМО-035550;Сертификат соответствия ТР ТС 004/2011 (демо-данные);Демонстрационный орган по сертификации;2028-12-31;;
35700;ЕАЭС KZ ДЕМО-035700;Сертификат соответствия ТР ТС 004/2011 (демо-данные);Демонстрационный орган по сертификации;2028-12-31;;
35660;ЕАЭС KZ ДЕМО-035660;Сертификат соответствия ТР ТС 004/2011 (демо-данные);Демонстрационный орган по сертификации;2028-12-31;;
35530;ЕАЭС KZ ДЕМО-035530;Сертификат соответствия ТР ТС 004/2011 (демо-данные);Демонстрационный орган по сертификации;2028-12-31;;
526570;ЕАЭС KZ ДЕМО-526570;Сертификат соответствия ТР ТС 004/2011 (демо-данные);Демонстрационный орган по сертификации;2028-12-31;;
526560;ЕАЭС KZ ДЕМО-526560;Сертификат соответствия ТР ТС 004/2011 (демо-данные);Демонстрационный орган по сертификации;2028-12-31;;
526550;ЕАЭС KZ ДЕМО-526550;Сертификат соответствия ТР ТС 004/2011 (демо-данные);Демонстрационный орган по сертификации;2028-12-31;;
35650;ЕАЭС KZ ДЕМО-035650;Сертификат соответствия ТР ТС 004/2011 (демо-данные);Демонстрационный орган по сертификации;2028-12-31;;
35290;ЕАЭС KZ ДЕМО-035290;Сертификат соответствия ТР ТС 004/2011 (демо-данные);Демонстрационный орган по сертификации;2028-12-31;;
35640;ЕАЭС KZ ДЕМО-035640;Сертификат соответствия ТР ТС 004/2011 (демо-данные);Демонстрационный орган по сертификации;2028-12-31;;
33020;ЕАЭС KZ ДЕМО-033020;Сертификат соответствия ТР ТС 004/2011 (демо-данные);Демонстрационный орган по сертификации;2028-12-31;;
33040;ЕАЭС KZ ДЕМО-033040;Сертификат соответствия ТР ТС 004/2011 (демо-данные);Демонстрационный орган по сертификации;2028-12-31;;
33120;ЕАЭС KZ ДЕМО-033120;Сертификат соответствия ТР ТС 004/2011 (демо-данные);Демонстрационный орган по сертификации;2028-12-31;;
33100;ЕАЭС KZ ДЕМО-033100;Сертификат соответствия ТР ТС 004/2011 (демо-данные);Демонстрационный орган по сертификации;2028-12-31;;
33130;ЕАЭС KZ ДЕМО-033130;Сертификат соответствия ТР ТС 004/2011 (демо-данные);Демонстрационный орган по сертификации;2028-12-31;;
33090;ЕАЭС KZ ДЕМО-033090;Сертификат соответствия ТР ТС 004/2011 (демо-данные);Демонстрационный орган по сертификации;2028-12-31;;
33220;ЕАЭС KZ ДЕМО-033220;Сертификат соответствия ТР ТС 004/2011 (демо-данные);Демонстрационный орган по сертификации;2028-12-31;;
33110;ЕАЭС KZ ДЕМО-033110;Сертификат соответствия ТР ТС 004/2011 (демо-данные);Демонстрационный орган по сертификации;2028-12-31;;
33070;ЕАЭС KZ ДЕМО-033070;Сертификат соответствия ТР ТС 004/2011 (демо-данные);Демонстрационный орган по сертификации;2028-12-31;;
44360;ЕАЭС KZ ДЕМО-044360;Сертификат соответствия ТР ТС 004/2011 (демо-данные);Демонстрационный орган по сертификации;2028-12-31;;
44370;ЕАЭС KZ ДЕМО-044370;Сертификат соответствия ТР ТС 004/2011 (демо-данные);Демонстрационный орган по сертификации;2028-12-31;;
44380;ЕАЭС KZ ДЕМО-044380;Сертификат соответствия ТР ТС 004/2011 (демо-данные);Демонстрационный орган по сертификации;2028-12-31;;
19280;ЕАЭС KZ ДЕМО-019280;Сертификат соответствия ТР ТС 004/2011 (демо-данные);Демонстрационный орган по сертификации;2028-12-31;;
18240;ЕАЭС KZ ДЕМО-018240;Сертификат соответствия ТР ТС 004/2011 (демо-данные);Демонстрационный орган по сертификации;2028-12-31;;
21280;ЕАЭС KZ ДЕМО-021280;Сертификат соответствия ТР ТС 004/2011 (демо-данные);Демонстрационный орган по сертификации;2028-12-31;;
32080;ЕАЭС KZ ДЕМО-032080;Сертификат соответствия ТР ТС 004/2011 (демо-данные);Демонстрационный орган по сертификации;2028-12-31;;
29640;ЕАЭС KZ ДЕМО-029640;Сертификат соответствия ТР ТС 004/2011 (демо-данные);Демонстрационный орган по сертификации;2028-12-31;;
29680;ЕАЭС KZ ДЕМО-029680;Сертификат соответствия ТР ТС 004/2011 (демо-данные);Демонстрационный орган по сертификации;2028-12-31;;
29670;ЕАЭС KZ ДЕМО-029670;Сертификат соответствия ТР ТС 004/2011 (демо-данные);Демонстрационный орган по сертификации;2028-12-31;;
33700;ЕАЭС KZ ДЕМО-033700;Сертификат соответствия ТР ТС 004/2011 (демо-данные);Демонстрационный орган по сертификации;2028-12-31;;
33710;ЕАЭС KZ ДЕМО-033710;Сертификат соответствия ТР ТС 004/2011 (демо-данные);Демонстрационный орган по сертификации;2028-12-31;;
33720;ЕАЭС KZ ДЕМО-033720;Сертификат соответствия ТР ТС 004/2011 (демо-данные);Демонстрационный орган по сертификации;2028-12-31;;
515250;ЕАЭС KZ ДЕМО-515250;Сертификат соответствия ТР ТС 004/2011 (демо-данные);Демонстрационный орган по сертификации;2028-12-31;;
515260;ЕАЭС KZ ДЕМО-515260;Сертификат соответствия ТР ТС 004/2011 (демо-данные);Демонстрационный орган по сертификации;2028-12-31;;
515270;ЕАЭС KZ ДЕМО-515270;Сертификат соответствия ТР ТС 004/2011 (демо-данные);Демонстрационный орган по сертификации;2028-12-31;;
515220;ЕАЭС KZ ДЕМО-515220;Сертификат соответствия ТР ТС 004/2011 (демо-данные);Демонстрационный орган по сертификации;2028-12-31;;
515230;ЕАЭС KZ ДЕМО-515230;Сертификат соответствия ТР ТС 004/2011 (демо-данные);Демонстрационный орган по сертификации;2028-12-31;;
515240;ЕАЭС KZ ДЕМО-515240;Сертификат соответствия ТР ТС 004/2011 (демо-данные);Демонстрационный орган по сертификации;2028-12-31;;
526600;ЕАЭС KZ ДЕМО-526600;Сертификат соответствия ТР ТС 004/2011 (демо-данные);Демонстрационный орган по сертификации;2028-12-31;;
526410;ЕАЭС KZ ДЕМО-526410;Сертификат соответствия ТР ТС 004/2011 (демо-данные);Демонстрационный орган по сертификации;2028-12-31;;
526390;ЕАЭС KZ ДЕМО-526390;Сертификат соответствия ТР ТС 004/2011 (демо-данные);Демонстрационный орган по сертификации;2028-12-31;;
526350;ЕАЭС KZ ДЕМО-526350;Сертификат соответствия ТР ТС 004/2011 (демо-данные);Демонстрационный орган по сертификации;2028-12-31;;
526400;ЕАЭС KZ ДЕМО-526400;Сертификат соответствия ТР ТС 004/2011 (демо-данные);Демонстрационный орган по сертификации;2028-12-31;;
527520;ЕАЭС KZ ДЕМО-527520;Сертификат соответствия ТР ТС 004/2011 (демо-данные);Демонстрационный орган по сертификации;2028-12-31;;
526470;ЕАЭС KZ ДЕМО-526470;Сертификат соответствия ТР ТС 004/2011 (демо-данные);Демонстрационный орган по сертификации;2028-12-31;;
526480;ЕАЭС KZ ДЕМО-526480;Сертификат соответствия ТР ТС 004/2011 (демо-данные);Демонстрационный орган по сертификации;2028-12-31;;
22450;ЕАЭС KZ ДЕМО-022450;Сертификат соответствия ТР ТС 004/2011 (демо-данные);Демонстрационный орган по сертификации;2028-12-31;;
21440;ЕАЭС KZ ДЕМО-021440;Сертификат соответствия ТР ТС 004/2011 (демо-данные);Демонстрационный орган по сертификации;2028-12-31;;
29420;ЕАЭС KZ ДЕМО-029420;Сертификат соответствия ТР ТС 004/2011 (демо-данные);Демонстрационный орган по сертификации;2028-12-31;;
20470;ЕАЭС KZ ДЕМО-020470;Сертификат соответствия ТР ТС 004/2011 (демо-данные);Демонстрационный орган по сертификации;2028-12-31;;
21460;ЕАЭС KZ ДЕМО-021460;Сертификат соответствия ТР ТС 004/2011 (демо-данные);Демонстрационный орган по сертификации;2028-12-31;;
21450;ЕАЭС KZ ДЕМО-021450;Сертификат соответствия ТР ТС 004/2011 (демо-данные);Демонстрационный орган по сертификации;2028-12-31;;
18430;ЕАЭС KZ ДЕМО-018430;Сертификат соответствия ТР ТС 004/2011 (демо-данные);Демонстрационный орган по сертификации;2028-12-31;;
38310;ЕАЭС KZ ДЕМО-038310;Сертификат соответствия ТР ТС 004/2011 (демо-данные);Демонстрационный орган по сертификации;2028-12-31;;
25050;ЕАЭС KZ ДЕМО-025050;Сертификат соответствия ТР ТС 004/2011 (демо-данные);Демонстрационный орган по сертификации;2028-12-31;;
24480;ЕАЭС KZ ДЕМО-024480;Сертификат соответствия ТР ТС 004/2011 (демо-данные);Демонстрационный орган по сертификации;2028-12-31;;
23450;ЕАЭС KZ ДЕМО-023450;Сертификат соответствия ТР ТС 004/2011 (демо-данные);Демонстрационный орган по сертификации;2028-12-31;;
19460;ЕАЭС KZ ДЕМО-019460;Сертификат соответствия ТР ТС 004/2011 (демо-данные);Демонстрационный орган по сертификации;2028-12-31;;
38420;ЕАЭС KZ ДЕМО-038420;Сертификат соответствия ТР ТС 004/2011 (демо-данные);Демонстрационный орган по сертификации;2028-12-31;;
33780;ЕАЭС KZ ДЕМО-033780;Сертификат соответствия ТР ТС 004/2011 (демо-данные);Демонстрационный орган по сертификации;2028-12-31;;
38330;ЕАЭС KZ ДЕМО-038330;Сертификат соответствия ТР ТС 004/2011 (демо-данные);Демонстрационный орган по сертификации;2028-12-31;;
33810;ЕАЭС KZ ДЕМО-033810;Сертификат соответствия ТР ТС 004/2011 (демо-данные);Демонстрационный орган по сертификации;2028-12-31;;
23030;ЕАЭС KZ ДЕМО-023030;Сертификат соответствия ТР ТС 004/2011 (демо-данные);Демонстрационный орган по сертификации;2028-12-31;;
23910;ЕАЭС KZ ДЕМО-023910;Сертификат соответствия ТР ТС 004/2011 (демо-данные);Демонстрационный орган по сертификации;2028-12-31;;
21700;ЕАЭС KZ ДЕМО-021700;Сертификат соответствия ТР ТС 004/2011 (демо-данные);Демонстрационный орган по сертификации;2028-12-31;;
23680;ЕАЭС KZ ДЕМО-023680;Сертификат соответствия ТР ТС 004/2011 (демо-данные);Демонстрационный орган по сертификации;2028-12-31;;
18690;ЕАЭС KZ ДЕМО-018690;Сертификат соответствия ТР ТС 004/2011 (демо-данные);Демонстрационный орган по сертификации;2028-12-31;;
21920;ЕАЭС KZ ДЕМО-021920;Сертификат соответствия ТР ТС 004/2011 (демо-данные);Демонстрационный орган по сертификации;2028-12-31;;
20060;ЕАЭС KZ ДЕМО-020060;Сертификат соответствия ТР ТС 004/2011 (демо-данные);Демонстрационный орган по сертификации;2028-12-31;;
38370;ЕАЭС KZ ДЕМО-038370;Сертификат соответствия ТР ТС 004/2011 (демо-данные);Демонстрационный орган по сертификации;2028-12-31;;
22900;ЕАЭС KZ ДЕМО-022900;Сертификат соответствия ТР ТС 004/2011 (демо-данные);Демонстрационный орган по сертификации;2028-12-31;;
30310;ЕАЭС KZ ДЕМО-030310;Сертификат соответствия ТР ТС 004/2011 (демо-данные);Демонстрационный орган по сертификации;2028-12-31;;
22910;ЕАЭС KZ ДЕМО-022910;Сертификат соответствия ТР ТС 004/2011 (демо-данные);Демонстрационный орган по сертификации;2028-12-31;;
20700;ЕАЭС KZ ДЕМО-020700;Сертификат соответствия ТР ТС 004/2011 (демо-данные);Демонстрационный орган по сертификации;2028-12-31;;
18930;ЕАЭС KZ ДЕМО-018930;Сертификат соответствия ТР ТС 004/2011 (демо-данные);Демонстрационный орган по сертификации;2028-12-31;;
34220;ЕАЭС KZ ДЕМО-034220;Сертификат соответствия ТР ТС 004/2011 (демо-данные);Демонстрационный орган по сертификации;2028-12-31;;
21930;ЕАЭС KZ ДЕМО-021930;Сертификат соответствия ТР ТС 004/2011 (демо-данные);Демонстрационный орган по сертификации;2028-12-31;;
30250;ЕАЭС KZ ДЕМО-030250;Сертификат соответствия ТР ТС 004/2011 (демо-данные);Демонстрационный орган по сертификации;2028-12-31;;
527900;ЕАЭС KZ ДЕМО-527900;Сертификат соответствия ТР ТС 004/2011 (демо-данные);Демонстрационный орган по сертификации;2028-12-31;;
18500;ЕАЭС KZ ДЕМО-018500;Сертификат соответствия ТР ТС 004/2011 (демо-данные);Демонстрационный орган по сертификации;2028-12-31;;
527910;ЕАЭС KZ ДЕМО-527910;Сертификат соответствия ТР ТС 004/2011 (демо-данные);Демонстрационный орган по сертификации;2028-12-31;;
22150;ЕАЭС KZ ДЕМО-022150;Сертификат соответствия ТР ТС 004/2011 (демо-данные);Демонстрационный орган по сертификации;2028-12-31;;
517510;ЕАЭС KZ ДЕМО-517510;Сертификат соответствия ТР ТС 004/2011 (демо-данные);Демонстрационный орган по сертификации;2028-12-31;;
57070;ЕАЭС KZ ДЕМО-057070;Сертификат соответствия ТР ТС 004/2011 (демо-данные);Демонстрационный орган по сертификации;2028-12-31;;
18740;ЕАЭС KZ ДЕМО-018740;Сертификат соответствия ТР ТС 004/2011 (демо-данные);Демонстрационный орган по сертификации;2028-12-31;;
34900;ЕАЭС KZ ДЕМО-034900;Сертификат соответствия ТР ТС 004/2011 (демо-данные);Демонстрационный орган по сертификации;2028-12-31;;
526530;ЕАЭС KZ ДЕМО-526530;Сертификат соответствия ТР ТС 004/2011 (демо-данные);Демонстрационный орган по сертификации;2028-12-31;;
526520;ЕАЭС KZ ДЕМО-526520;Сертификат соответствия ТР ТС 004/2011 (демо-данные);Демонстрационный орган по сертификации;2028-12-31;;
526340;ЕАЭС KZ ДЕМО-526340;Сертификат соответствия ТР ТС 004/2011 (демо-данные);Демонстрационный орган по сертификации;2028-12-31;;
19780;ЕАЭС KZ ДЕМО-019780;Сертификат соответствия ТР ТС 004/2011 (демо-данные);Демонстрационный орган по сертификации;2028-12-31;;
18790;ЕАЭС KZ ДЕМО-018790;Сертификат соответствия ТР ТС 004/2011 (демо-данные);Демонстрационный орган по сертификации;2028-12-31;;
30290;ЕАЭС KZ ДЕМО-030290;Сертификат соответствия ТР ТС 004/2011 (демо-данные);Демонстрационный орган по сертификации;2028-12-31;;
23580;ЕАЭС KZ ДЕМО-023580;Сертификат соответствия ТР ТС 004/2011 (демо-данные);Демонстрационный орган по сертификации;2028-12-31;;
19590;ЕАЭС KZ ДЕМО-019590;Сертификат соответствия ТР ТС 004/2011 (демо-данные);Демонстрационный орган по сертификации;2028-12-31;;
23670;ЕАЭС KZ ДЕМО-023670;Сертификат соответствия ТР ТС 004/2011 (демо-данные);Демонстрационный орган по сертификации;2028-12-31;;
34870;ЕАЭС KZ ДЕМО-034870;Сертификат соответствия ТР ТС 004/2011 (демо-данные);Демонстрационный орган по сертификации;2028-12-31;;
34880;ЕАЭС KZ ДЕМО-034880;Сертификат соответствия ТР ТС 004/2011 (демо-данные);Демонстрационный орган по сертификации;2028-12-31;;
526510;ЕАЭС KZ ДЕМО-526510;Сертификат соответствия ТР ТС 004/2011 (демо-данные);Демонстрационный орган по сертификации;2028-12-31;;
526360;ЕАЭС KZ ДЕМО-526360;Сертификат соответствия ТР ТС 004/2011 (демо-данные);Демонстрационный орган по сертификации;2028-12-31;;
526500;ЕАЭС KZ ДЕМО-526500;Сертификат соответствия ТР ТС 004/2011 (демо-данные);Демонстрационный орган по сертификации;2028-12-31;;
526610;ЕАЭС KZ ДЕМО-526610;Сертификат соответствия ТР ТС 004/2011 (демо-данные);Демонстрационный орган по сертификации;2028-12-31;;
526460;ЕАЭС KZ ДЕМО-526460;Сертификат соответствия ТР ТС 004/2011 (демо-данные);Демонстрационный орган по сертификации;2028-12-31;;
526620;ЕАЭС KZ ДЕМО-526620;Сертификат соответствия ТР ТС 004/2011 (демо-данные);Демонстрационный орган по сертификации;2028-12-31;;
521240;ЕАЭС KZ ДЕМО-521240;Сертификат соответствия ТР ТС 004/2011 (демо-данные);Демонстрационный орган по сертификации;2028-12-31;;
526540;ЕАЭС KZ ДЕМО-526540;Сертификат соответствия ТР ТС 004/2011 (демо-данные);Демонстрационный орган по сертификации;2028-12-31;;
24600;ЕАЭС KZ ДЕМО-024600;Сертификат соответствия ТР ТС 004/2011 (демо-данные);Демонстрационный орган по сертификации;2028-12-31;;
20590;ЕАЭС KZ ДЕМО-020590;Сертификат соответствия ТР ТС 004/2011 (демо-данные);Демонстрационный орган по сертификации;2028-12-31;;
22580;ЕАЭС KZ ДЕМО-022580;Сертификат соответствия ТР ТС 004/2011 (демо-данные);Демонстрационный орган по сертификации;2028-12-31;;
22060;ЕАЭС KZ ДЕМО-022060;Сертификат соответствия ТР ТС 004/2011 (демо-данные);Демонстрационный орган по сертификации;2028-12-31;;
21580;ЕАЭС KZ ДЕМО-021580;Сертификат соответствия ТР ТС 004/2011 (демо-данные);Демонстрационный орган по сертификации;2028-12-31;;
38780;ЕАЭС KZ ДЕМО-038780;Сертификат соответствия ТР ТС 004/2011 (демо-данные);Демонстрационный орган по сертификации;2028-12-31;;
21130;ЕАЭС KZ ДЕМО-021130;Сертификат соответствия ТР ТС 004/2011 (демо-данные);Демонстрационный орган по сертификации;2028-12-31;;
21070;ЕАЭС KZ ДЕМО-021070;Сертификат соответствия ТР ТС 004/2011 (демо-данные);Демонстрационный орган по сертификации;2028-12-31;;
19070;ЕАЭС KZ ДЕМО-019070;Сертификат соответствия ТР ТС 004/2011 (демо-данные);Демонстрационный орган по сертификации;2028-12-31;;
38790;ЕАЭС KZ ДЕМО-038790;Сертификат соответствия ТР ТС 004/2011 (демо-данные);Демонстрационный орган по сертификации;2028-12-31;;
56140;ЕАЭС KZ ДЕМО-056140;Сертификат соответствия ТР ТС 004/2011 (демо-данные);Демонстрационный орган по сертификации;2028-12-31;;
24990;ЕАЭС KZ ДЕМО-024990;Сертификат соответствия ТР ТС 004/2011 (демо-данные);Демонстрационный орган по сертификации;2028-12-31;;
23690;ЕАЭС KZ ДЕМО-023690;Сертификат соответствия ТР ТС 004/2011 (демо-данные);Демонстрационный орган по сертификации;2028-12-31;;
528170;ЕАЭС KZ ДЕМО-528170;Сертификат соответствия ТР ТС 004/2011 (демо-данные);Демонстрационный орган по сертификации;2028-12-31;;
47300;ЕАЭС KZ ДЕМО-047300;Сертификат соответствия ТР ТС 004/2011 (демо-данные);Демонстрационный орган по сертификации;2028-12-31;;
33800;ЕАЭС KZ ДЕМО-033800;Сертификат соответствия ТР ТС 004/2011 (демо-данные);Демонстрационный орган по сертификации;2028-12-31;;
35610;ЕАЭС KZ ДЕМО-035610;Сертификат соответствия ТР ТС 004/2011 (демо-данные);Демонстрационный орган по сертификации;2028-12-31;;
35600;ЕАЭС KZ ДЕМО-035600;Сертификат соответствия ТР ТС 004/2011 (демо-данные);Демонстрационный орган по сертификации;2028-12-31;;
35770;ЕАЭС KZ ДЕМО-035770;Сертификат соответствия ТР ТС 004/2011 (демо-данные);Демонстрационный орган по сертификации;2028-12-31;;
35810;ЕАЭС KZ ДЕМО-035810;Сертификат соответствия ТР ТС 004/2011 (демо-данные);Демонстрационный орган по сертификации;2028-12-31;;
35620;ЕАЭС KZ ДЕМО-035620;Сертификат соответствия ТР ТС 004/2011 (демо-данные);Демонстрационный орган по сертификации;2028-12-31;;
35570;ЕАЭС KZ ДЕМО-035570;Сертификат соответствия ТР ТС 004/2011 (демо-данные);Демонстрационный орган по сертификации;2028-12-31;;
35760;ЕАЭС KZ ДЕМО-035760;Сертификат соответствия ТР ТС 004/2011 (демо-данные);Демонстрационный орган по сертификации;2028-12-31;;
35790;ЕАЭС KZ ДЕМО-035790;Сертификат соответствия ТР ТС 004/2011 (демо-данные);Демонстрационный орган по сертификации;2028-12-31;;
35780;ЕАЭС KZ ДЕМО-035780;Сертификат соответствия ТР ТС 004/2011 (демо-данные);Демонстрационный орган по сертификации;2028-12-31;;
35800;ЕАЭС KZ ДЕМО-035800;Сертификат соответствия ТР ТС 004/2011 (демо-данные);Демонстрационный орган по сертификации;2028-12-31;;
35580;ЕАЭС KZ ДЕМО-035580;Сертификат соответствия ТР ТС 004/2011 (демо-данные);Демонстрационный орган по сертификации;2028-12-31;;
35630;ЕАЭС KZ ДЕМО-035630;Сертификат соответствия ТР ТС 004/2011 (демо-данные);Демонстрационный орган по сертификации;2028-12-31;;
35260;ЕАЭС KZ ДЕМО-035260;Сертификат соответствия ТР ТС 004/2011 (демо-данные);Демонстрационный орган по сертификации;2028-12-31;;
35220;ЕАЭС KZ ДЕМО-035220;Сертификат соответствия ТР ТС 004/2011 (демо-данные);Демонстрационный орган по сертификации;2028-12-31;;
35230;ЕАЭС KZ ДЕМО-035230;Сертификат соответствия ТР ТС 004/2011 (демо-данные);Демонстрационный орган по сертификации;2028-12-31;;
35240;ЕАЭС KZ ДЕМО-035240;Сертификат соответствия ТР ТС 004/2011 (демо-данные);Демонстрационный орган по сертификации;2028-12-31;;
35250;ЕАЭС KZ ДЕМО-035250;Сертификат соответствия ТР ТС 004/2011 (демо-данные);Демонстрационный орган по сертификации;2028-12-31;;
35280;ЕАЭС KZ ДЕМО-035280;Сертификат соответствия ТР ТС 004/2011 (демо-данные);Демонстрационный орган по сертификации;2028-12-31;;
35270;ЕАЭС KZ ДЕМО-035270;Сертификат соответствия ТР ТС 004/2011 (демо-данные);Демонстрационный орган по сертификации;2028-12-31;;
20770;ЕАЭС KZ ДЕМО-020770;Сертификат соответствия ТР ТС 004/2011 (демо-данные);Демонстрационный орган по сертификации;2028-12-31;;
19910;ЕАЭС KZ ДЕМО-019910;Сертификат соответствия ТР ТС 004/2011 (демо-данные);Демонстрационный орган по сертификации;2028-12-31;;
49910;ЕАЭС KZ ДЕМО-049910;Сертификат соответствия ТР ТС 004/2011 (демо-данные);Демонстрационный орган по сертификации;2028-12-31;;
49920;ЕАЭС KZ ДЕМО-049920;Сертификат соответствия ТР ТС 004/2011 (демо-данные);Демонстрационный орган по сертификации;2028-12-31;;
18760;ЕАЭС KZ ДЕМО-018760;Сертификат соответствия ТР ТС 004/2011 (демо-данные);Демонстрационный орган по сертификации;2028-12-31;;
24760;ЕАЭС KZ ДЕМО-024760;Сертификат соответствия ТР ТС 004/2011 (демо-данные);Демонстрационный орган по сертификации;2028-12-31;;
18050;ЕАЭС KZ ДЕМО-018050;Сертификат соответствия ТР ТС 004/2011 (демо-данные);Демонстрационный орган по сертификации;2028-12-31;;
21040;ЕАЭС KZ ДЕМО-021040;Сертификат соответствия ТР ТС 004/2011 (демо-данные);Демонстрационный орган по сертификации;2028-12-31;;
19060;ЕАЭС KZ ДЕМО-019060;Сертификат соответствия ТР ТС 004/2011 (демо-данные);Демонстрационный орган по сертификации;2028-12-31;;
32090;ЕАЭС KZ ДЕМО-032090;Сертификат соответствия ТР ТС 004/2011 (демо-данные);Демонстрационный орган по сертификации;2028-12-31;;
35300;ЕАЭС KZ ДЕМО-035300;Сертификат соответствия ТР ТС 004/2011 (демо-данные);Демонстрационный орган по сертификации;2028-12-31;;
515280;ЕАЭС KZ ДЕМО-515280;Сертификат соответствия ТР ТС 004/2011 (демо-данные);Демонстрационный орган по сертификации;2028-12-31;;
515290;ЕАЭС KZ ДЕМО-515290;Сертификат соответствия ТР ТС 004/2011 (демо-данные);Демонстрационный орган по сертификации;2028-12-31;;
522420;ЕАЭС KZ ДЕМО-522420;Сертификат соответствия ТР ТС 004/2011 (демо-данные);Демонстрационный орган по сертификации;2028-12-31;;
22040;ЕАЭС KZ ДЕМО-022040;Сертификат соответствия ТР ТС 004/2011 (демо-данные);Демонстрационный орган по сертификации;2028-12-31;;
45090;ЕАЭС KZ ДЕМО-045090;Сертификат соответствия ТР ТС 004/2011 (демо-данные);Демонстрационный орган по сертификации;2028-12-31;;
45100;ЕАЭС KZ ДЕМО-045100;Сертификат соответствия ТР ТС 004/2011 (демо-данные);Демонстрационный орган по сертификации;2028-12-31;;
44070;ЕАЭС KZ ДЕМО-044070;Сертификат соответствия ТР ТС 004/2011 (демо-данные);Демонстрационный орган по сертификации;2028-12-31;;
18300;ЕАЭС KZ ДЕМО-018300;Сертификат соответствия ТР ТС 004/2011 (демо-данные);Демонстрационный орган по сертификации;2028-12-31;;
21420;ЕАЭС KZ ДЕМО-021420;Сертификат соответствия ТР ТС 004/2011 (демо-данные);Демонстрационный орган по сертификации;2028-12-31;;
18400;ЕАЭС KZ ДЕМО-018400;Сертификат соответствия ТР ТС 004/2011 (демо-данные);Демонстрационный орган по сертификации;2028-12-31;;
19430;ЕАЭС KZ ДЕМО-019430;Сертификат соответствия ТР ТС 004/2011 (демо-данные);Демонстрационный орган по сертификации;2028-12-31;;
19450;ЕАЭС KZ ДЕМО-019450;Сертификат соответствия ТР ТС 004/2011 (демо-данные);Демонстрационный орган по сертификации;2028-12-31;;
23430;ЕАЭС KZ ДЕМО-023430;Сертификат соответствия ТР ТС 004/2011 (демо-данные);Демонстрационный орган по сертификации;2028-12-31;;
21120;ЕАЭС KZ ДЕМО-021120;Сертификат соответствия ТР ТС 004/2011 (демо-данные);Демонстрационный орган по сертификации;2028-12-31;;
18420;ЕАЭС KZ ДЕМО-018420;Сертификат соответствия ТР ТС 004/2011 (демо-данные);Демонстрационный орган по сертификации;2028-12-31;;
22460;ЕАЭС KZ ДЕМО-022460;Сертификат соответствия ТР ТС 004/2011 (демо-данные);Демонстрационный орган по сертификации;2028-12-31;;
31920;ЕАЭС KZ ДЕМО-031920;Сертификат соответствия ТР ТС 004/2011 (демо-данные);Демонстрационный орган по сертификации;2028-12-31;;
20810;ЕАЭС KZ ДЕМО-020810;Сертификат соответствия ТР ТС 004/2011 (демо-данные);Демонстрационный орган по сертификации;2028-12-31;;
38430;ЕАЭС KZ ДЕМО-038430;Сертификат соответствия ТР ТС 004/2011 (демо-данные);Демонстрационный орган по сертификации;2028-12-31;;
36680;ЕАЭС KZ ДЕМО-036680;Сертификат соответствия ТР ТС 004/2011 (демо-данные);Демонстрационный орган по сертификации;2028-12-31;;
509480;ЕАЭС KZ ДЕМО-509480;Сертификат соответствия ТР ТС 004/2011 (демо-данные);Демонстрационный орган по сертификации;2028-12-31;;
44390;ЕАЭС KZ ДЕМО-044390;Сертификат соответствия ТР ТС 004/2011 (демо-данные);Демонстрационный орган по сертификации;2028-12-31;;
24150;ЕАЭС KZ ДЕМО-024150;Сертификат соответствия ТР ТС 004/2011 (демо-данные);Демонстрационный орган по сертификации;2028-12-31;;
33930;ЕАЭС KZ ДЕМО-033930;Сертификат соответствия ТР ТС 004/2011 (демо-данные);Демонстрационный орган по сертификации;2028-12-31;;
33300;ЕАЭС KZ ДЕМО-033300;Сертификат соответствия ТР ТС 004/2011 (демо-данные);Демонстрационный орган по сертификации;2028-12-31;;
32260;ЕАЭС KZ ДЕМО-032260;Сертификат соответствия ТР ТС 004/2011 (демо-данные);Демонстрационный орган по сертификации;2028-12-31;;
19420;ЕАЭС KZ ДЕМО-019420;Сертификат соответствия ТР ТС 004/2011 (демо-данные);Демонстрационный орган по сертификации;2028-12-31;;
43800;ЕАЭС KZ ДЕМО-043800;Сертификат соответствия ТР ТС 004/2011 (демо-данные);Демонстрационный орган по сертификации;2028-12-31;;
520710;ЕАЭС KZ ДЕМО-520710;Сертификат соответствия ТР ТС 004/2011 (демо-данные);Демонстрационный орган по сертификации;2028-12-31;;
520700;ЕАЭС KZ ДЕМО-520700;Сертификат соответствия ТР ТС 004/2011 (демо-данные);Демонстрационный орган по сертификации;2028-12-31;;
520720;ЕАЭС KZ ДЕМО-520720;Сертификат соответствия ТР ТС 004/2011 (демо-данные);Демонстрационный орган по сертификации;2028-12-31;;
33790;ЕАЭС KZ ДЕМО-033790;Сертификат соответствия ТР ТС 004/2011 (демо-данные);Демонстрационный орган по сертификации;2028-12-31;;
33730;ЕАЭС KZ ДЕМО-033730;Сертификат соответствия ТР ТС 004/2011 (демо-данные);Демонстрационный орган по сертификации;2028-12-31;;
20050;ЕАЭС KZ ДЕМО-020050;Сертификат соответствия ТР ТС 004/2011 (демо-данные);Демонстрационный орган по сертификации;2028-12-31;;
25500;ЕАЭС KZ ДЕМО-025500;Сертификат соответствия ТР ТС 004/2011 (демо-данные);Демонстрационный орган по сертификации;2028-12-31;;
23160;ЕАЭС KZ ДЕМО-023160;Сертификат соответствия ТР ТС 004/2011 (демо-данные);Демонстрационный орган по сертификации;2028-12-31;;
19160;ЕАЭС KZ ДЕМО-019160;Сертификат соответствия ТР ТС 004/2011 (демо-данные);Демонстрационный орган по сертификации;2028-12-31;;
20180;ЕАЭС KZ ДЕМО-020180;Сертификат соответствия ТР ТС 004/2011 (демо-данные);Демонстрационный орган по сертификации;2028-12-31;;
22170;ЕАЭС KZ ДЕМО-022170;Сертификат соответствия ТР ТС 004/2011 (демо-данные);Демонстрационный орган по сертификации;2028-12-31;;
23180;ЕАЭС KZ ДЕМО-023180;Сертификат соответствия ТР ТС 004/2011 (демо-данные);Демонстрационный орган по сертификации;2028-12-31;;
515300;ЕАЭС KZ ДЕМО-515300;Сертификат соответствия ТР ТС 004/2011 (демо-данные);Демонстрационный орган по сертификации;2028-12-31;;
526440;ЕАЭС KZ ДЕМО-526440;Сертификат соответствия ТР ТС 004/2011 (демо-данные);Демонстрационный орган по сертификации;2028-12-31;;
44250;ЕАЭС KZ ДЕМО-044250;Сертификат соответствия ТР ТС 004/2011 (демо-данные);Демонстрационный орган по сертификации;2028-12-31;;
44280;ЕАЭС KZ ДЕМО-044280;Сертификат соответствия ТР ТС 004/2011 (демо-данные);Демонстрационный орган по сертификации;2028-12-31;;
44290;ЕАЭС KZ ДЕМО-044290;Сертификат соответствия ТР ТС 004/2011 (демо-данные);Демонстрационный орган по сертификации;2028-12-31;;
44310;ЕАЭС KZ ДЕМО-044310;Сертификат соответствия ТР ТС 004/2011 (демо-данные);Демонстрационный орган по сертификации;2028-12-31;;
47520;ЕАЭС KZ ДЕМО-047520;Сертификат соответствия ТР ТС 004/2011 (демо-данные);Демонстрационный орган по сертификации;2028-12-31;;
513720;ЕАЭС KZ ДЕМО-513720;Сертификат соответствия ТР ТС 004/2011 (демо-данные);Демонстрационный орган по сертификации;2028-12-31;;
529120;ЕАЭС KZ ДЕМО-529120;Сертификат соответствия ТР ТС 004/2011 (демо-данные);Демонстрационный орган по сертификации;2028-12-31;;
526430;ЕАЭС KZ ДЕМО-526430;Сертификат соответствия ТР ТС 004/2011 (демо-данные);Демонстрационный орган по сертификации;2028-12-31;;
526330;ЕАЭС KZ ДЕМО-526330;Сертификат соответствия ТР ТС 004/2011 (демо-данные);Демонстрационный орган по сертификации;2028-12-31;;
526490;ЕАЭС KZ ДЕМО-526490;Сертификат соответствия ТР ТС 004/2011 (демо-данные);Демонстрационный орган по сертификации;2028-12-31;;
509500;ЕАЭС KZ ДЕМО-509500;Сертификат соответствия ТР ТС 004/2011 (демо-данные);Демонстрационный орган по сертификации;2028-12-31;;
509510;ЕАЭС KZ ДЕМО-509510;Сертификат соответствия ТР ТС 004/2011 (демо-данные);Демонстрационный орган по сертификации;2028-12-31;;
513670;ЕАЭС KZ ДЕМО-513670;Сертификат соответствия ТР ТС 004/2011 (демо-данные);Демонстрационный орган по сертификации;2028-12-31;;
524720;ЕАЭС KZ ДЕМО-524720;Сертификат соответствия ТР ТС 004/2011 (демо-данные);Демонстрационный орган по сертификации;2028-12-31;;
522530;ЕАЭС KZ ДЕМО-522530;Сертификат соответствия ТР ТС 004/2011 (демо-данные);Демонстрационный орган по сертификации;2028-12-31;;
522520;ЕАЭС KZ ДЕМО-522520;Сертификат соответствия ТР ТС 004/2011 (демо-данные);Демонстрационный орган по сертификации;2028-12-31;;
53360;ЕАЭС KZ ДЕМО-053360;Сертификат соответствия ТР ТС 004/2011 (демо-данные);Демонстрационный орган по сертификации;2028-12-31;;
514040;ЕАЭС KZ ДЕМО-514040;Сертификат соответствия ТР ТС 004/2011 (демо-данные);Демонстрационный орган по сертификации;2028-12-31;;
514060;ЕАЭС KZ ДЕМО-514060;Сертификат соответствия ТР ТС 004/2011 (демо-данные);Демонстрационный орган по сертификации;2028-12-31;;
514070;ЕАЭС KZ ДЕМО-514070;Сертификат соответствия ТР ТС 004/2011 (демо-данные);Демонстрационный орган по сертификации;2028-12-31;;
514080;ЕАЭС KZ ДЕМО-514080;Сертификат соответствия ТР ТС 004/2011 (демо-данные);Демонстрационный орган по сертификации;2028-12-31;;
514090;ЕАЭС KZ ДЕМО-514090;Сертификат соответствия ТР ТС 004/2011 (демо-данные);Демонстрационный орган по сертификации;2028-12-31;;
517780;ЕАЭС KZ ДЕМО-517780;Сертификат соответствия ТР ТС 004/2011 (демо-данные);Демонстрационный орган по сертификации;2028-12-31;;
512450;ЕАЭС KZ ДЕМО-512450;Сертификат соответствия ТР ТС 004/2011 (демо-данные);Демонстрационный орган по сертификации;2028-12-31;;
517760;ЕАЭС KZ ДЕМО-517760;Сертификат соответствия ТР ТС 004/2011 (демо-данные);Демонстрационный орган по сертификации;2028-12-31;;
517770;ЕАЭС KZ ДЕМО-517770;Сертификат соответствия ТР ТС 004/2011 (демо-данные);Демонстрационный орган по сертификации;2028-12-31;;
512440;ЕАЭС KZ ДЕМО-512440;Сертификат соответствия ТР ТС 004/2011 (демо-данные);Демонстрационный орган по сертификации;2028-12-31;;
512430;ЕАЭС KZ ДЕМО-512430;Сертификат соответствия ТР ТС 004/2011 (демо-данные);Демонстрационный орган по сертификации;2028-12-31;;
512420;ЕАЭС KZ ДЕМО-512420;Сертификат соответствия ТР ТС 004/2011 (демо-данные);Демонстрационный орган по сертификации;2028-12-31;;
512410;ЕАЭС KZ ДЕМО-512410;Сертификат соответствия ТР ТС 004/2011 (демо-данные);Демонстрационный орган по сертификации;2028-12-31;;
512470;ЕАЭС KZ ДЕМО-512470;Сертификат соответствия ТР ТС 004/2011 (демо-данные);Демонстрационный орган по сертификации;2028-12-31;;
512500;ЕАЭС KZ ДЕМО-512500;Сертификат соответствия ТР ТС 004/2011 (демо-данные);Демонстрационный орган по сертификации;2028-12-31;;
512480;ЕАЭС KZ ДЕМО-512480;Сертификат соответствия ТР ТС 004/2011 (демо-данные);Демонстрационный орган по сертификации;2028-12-31;;
512490;ЕАЭС KZ ДЕМО-512490;Сертификат соответствия ТР ТС 004/2011 (демо-данные);Демонстрационный орган по сертификации;2028-12-31;;
512510;ЕАЭС KZ ДЕМО-512510;Сертификат соответствия ТР ТС 004/2011 (демо-данные);Демонстрационный орган по сертификации;2028-12-31;;
512520;ЕАЭС KZ ДЕМО-512520;Сертификат соответствия ТР ТС 004/2011 (демо-данные);Демонстрационный орган по сертификации;2028-12-31;;
515980;ЕАЭС KZ ДЕМО-515980;Сертификат соответствия ТР ТС 004/2011 (демо-данные);Демонстрационный орган по сертификации;2028-12-31;;
516010;ЕАЭС KZ ДЕМО-516010;Сертификат соответствия ТР ТС 004/2011 (демо-данные);Демонстрационный орган по сертификации;2028-12-31;;
516000;ЕАЭС KZ ДЕМО-516000;Сертификат соответствия ТР ТС 004/2011 (демо-данные);Демонстрационный орган по сертификации;2028-12-31;;
516170;ЕАЭС KZ ДЕМО-516170;Сертификат соответствия ТР ТС 004/2011 (демо-данные);Демонстрационный орган по сертификации;2028-12-31;;
522110;ЕАЭС KZ ДЕМО-522110;Сертификат соответствия ТР ТС 004/2011 (демо-данные);Демонстрационный орган по сертификации;2028-12-31;;
516300;ЕАЭС KZ ДЕМО-516300;Сертификат соответствия ТР ТС 004/2011 (демо-данные);Демонстрационный орган по сертификации;2028-12-31;;
509360;ЕАЭС KZ ДЕМО-509360;Сертификат соответствия ТР ТС 004/2011 (демо-данные);Демонстрационный орган по сертификации;2028-12-31;;
509400;ЕАЭС KZ ДЕМО-509400;Сертификат соответствия ТР ТС 004/2011 (демо-данные);Демонстрационный орган по сертификации;2028-12-31;;
509370;ЕАЭС KZ ДЕМО-509370;Сертификат соответствия ТР ТС 004/2011 (демо-данные);Демонстрационный орган по сертификации;2028-12-31;;
509430;ЕАЭС KZ ДЕМО-509430;Сертификат соответствия ТР ТС 004/2011 (демо-данные);Демонстрационный орган по сертификации;2028-12-31;;
509410;ЕАЭС KZ ДЕМО-509410;Сертификат соответствия ТР ТС 004/2011 (демо-данные);Демонстрационный орган по сертификации;2028-12-31;;
509380;ЕАЭС KZ ДЕМО-509380;Сертификат соответствия ТР ТС 004/2011 (демо-данные);Демонстрационный орган по сертификации;2028-12-31;;
509420;ЕАЭС KZ ДЕМО-509420;Сертификат соответствия ТР ТС 004/2011 (демо-данные);Демонстрационный орган по сертификации;2028-12-31;;
509390;ЕАЭС KZ ДЕМО-509390;Сертификат соответствия ТР ТС 004/2011 (демо-данные);Демонстрационный орган по сертификации;2028-12-31;;
509440;ЕАЭС KZ ДЕМО-509440;Сертификат соответствия ТР ТС 004/2011 (демо-данные);Демонстрационный орган по сертификации;2028-12-31;;
509450;ЕАЭС KZ ДЕМО-509450;Сертификат соответствия ТР ТС 004/2011 (демо-данные);Демонстрационный орган по сертификации;2028-12-31;;
516290;ЕАЭС KZ ДЕМО-516290;Сертификат соответствия ТР ТС 004/2011 (демо-данные);Демонстрационный орган по сертификации;2028-12-31;;
54940;ЕАЭС KZ ДЕМО-054940;Сертификат соответствия ТР ТС 004/2011 (демо-данные);Демонстрационный орган по сертификации;2028-12-31;;
521450;ЕАЭС KZ ДЕМО-521450;Сертификат соответствия ТР ТС 004/2011 (демо-данные);Демонстрационный орган по сертификации;2028-12-31;;
509010;ЕАЭС KZ ДЕМО-509010;Сертификат соответствия ТР ТС 004/2011 (демо-данные);Демонстрационный орган по сертификации;2028-12-31;;
509030;ЕАЭС KZ ДЕМО-509030;Сертификат соответствия ТР ТС 004/2011 (демо-данные);Демонстрационный орган по сертификации;2028-12-31;;
509020;ЕАЭС KZ ДЕМО-509020;Сертификат соответствия ТР ТС 004/2011 (демо-данные);Демонстрационный орган по сертификации;2028-12-31;;
523170;ЕАЭС KZ ДЕМО-523170;Сертификат соответствия ТР ТС 004/2011 (демо-данные);Демонстрационный орган по сертификации;2028-12-31;;
36310;ЕАЭС KZ ДЕМО-036310;Сертификат соответствия ТР ТС 004/2011 (демо-данные);Демонстрационный орган по сертификации;2028-12-31;;
30940;ЕАЭС KZ ДЕМО-030940;Сертификат соответствия ТР ТС 004/2011 (демо-данные);Демонстрационный орган по сертификации;2028-12-31;;
58420;ЕАЭС KZ ДЕМО-058420;Сертификат соответствия ТР ТС 004/2011 (демо-данные);Демонстрационный орган по сертификации;2028-12-31;;
36660;ЕАЭС KZ ДЕМО-036660;Сертификат соответствия ТР ТС 004/2011 (демо-данные);Демонстрационный орган по сертификации;2028-12-31;;
44160;ЕАЭС KZ ДЕМО-044160;Сертификат соответствия ТР ТС 004/2011 (демо-данные);Демонстрационный орган по сертификации;2028-12-31;;
37190;ЕАЭС KZ ДЕМО-037190;Сертификат соответствия ТР ТС 004/2011 (демо-данные);Демонстрационный орган по сертификации;2028-12-31;;
58080;ЕАЭС KZ ДЕМО-058080;Сертификат соответствия ТР ТС 004/2011 (демо-данные);Демонстрационный орган по сертификации;2028-12-31;;
18780;ЕАЭС KZ ДЕМО-018780;Сертификат соответствия ТР ТС 004/2011 (демо-данные);Демонстрационный орган по сертификации;2028-12-31;;
22770;ЕАЭС KZ ДЕМО-022770;Сертификат соответствия ТР ТС 004/2011 (демо-данные);Демонстрационный орган по сертификации;2028-12-31;;
21760;ЕАЭС KZ ДЕМО-021760;Сертификат соответствия ТР ТС 004/2011 (демо-данные);Демонстрационный орган по сертификации;2028-12-31;;
31760;ЕАЭС KZ ДЕМО-031760;Сертификат соответствия ТР ТС 004/2011 (демо-данные);Демонстрационный орган по сертификации;2028-12-31;;
38440;ЕАЭС KZ ДЕМО-038440;Сертификат соответствия ТР ТС 004/2011 (демо-данные);Демонстрационный орган по сертификации;2028-12-31;;
38450;ЕАЭС KZ ДЕМО-038450;Сертификат соответствия ТР ТС 004/2011 (демо-данные);Демонстрационный орган по сертификации;2028-12-31;;
29440;ЕАЭС KZ ДЕМО-029440;Сертификат соответствия ТР ТС 004/2011 (демо-данные);Демонстрационный орган по сертификации;2028-12-31;;
34050;ЕАЭС KZ ДЕМО-034050;Сертификат соответствия ТР ТС 004/2011 (демо-данные);Демонстрационный орган по сертификации;2028-12-31;;
38740;ЕАЭС KZ ДЕМО-038740;Сертификат соответствия ТР ТС 004/2011 (демо-данные);Демонстрационный орган по сертификации;2028-12-31;;
521840;ЕАЭС KZ ДЕМО-521840;Сертификат соответствия ТР ТС 004/2011 (демо-данные);Демонстрационный орган по сертификации;2028-12-31;;
19500;ЕАЭС KZ ДЕМО-019500;Сертификат соответствия ТР ТС 004/2011 (демо-данные);Демонстрационный орган по сертификации;2028-12-31;;
521830;ЕАЭС KZ ДЕМО-521830;Сертификат соответствия ТР ТС 004/2011 (демо-данные);Демонстрационный орган по сертификации;2028-12-31;;
56210;ЕАЭС KZ ДЕМО-056210;Сертификат соответствия ТР ТС 004/2011 (демо-данные);Демонстрационный орган по сертификации;2028-12-31;;
34030;ЕАЭС KZ ДЕМО-034030;Сертификат соответствия ТР ТС 004/2011 (демо-данные);Демонстрационный орган по сертификации;2028-12-31;;
30020;ЕАЭС KZ ДЕМО-030020;Сертификат соответствия ТР ТС 004/2011 (демо-данные);Демонстрационный орган по сертификации;2028-12-31;;
29600;ЕАЭС KZ ДЕМО-029600;Сертификат соответствия ТР ТС 004/2011 (демо-данные);Демонстрационный орган по сертификации;2028-12-31;;
29620;ЕАЭС KZ ДЕМО-029620;Сертификат соответствия ТР ТС 004/2011 (демо-данные);Демонстрационный орган по сертификации;2028-12-31;;
526010;ЕАЭС KZ ДЕМО-526010;Сертификат соответствия ТР ТС 004/2011 (демо-данные);Демонстрационный орган по сертификации;2028-12-31;;
511910;ЕАЭС KZ ДЕМО-511910;Сертификат соответствия ТР ТС 004/2011 (демо-данные);Демонстрационный орган по сертификации;2028-12-31;;
511920;ЕАЭС KZ ДЕМО-511920;Сертификат соответствия ТР ТС 004/2011 (демо-данные);Демонстрационный орган по сертификации;2028-12-31;;
526720;ЕАЭС KZ ДЕМО-526720;Сертификат соответствия ТР ТС 004/2011 (демо-данные);Демонстрационный орган по сертификации;2028-12-31;;
58380;ЕАЭС KZ ДЕМО-058380;Сертификат соответствия ТР ТС 004/2011 (демо-данные);Демонстрационный орган по сертификации;2028-12-31;;
58020;ЕАЭС KZ ДЕМО-058020;Сертификат соответствия ТР ТС 004/2011 (демо-данные);Демонстрационный орган по сертификации;2028-12-31;;
519380;ЕАЭС KZ ДЕМО-519380;Сертификат соответствия ТР ТС 004/2011 (демо-данные);Демонстрационный орган по сертификации;2028-12-31;;
514860;ЕАЭС KZ ДЕМО-514860;Сертификат соответствия ТР ТС 004/2011 (демо-данные);Демонстрационный орган по сертификации;2028-12-31;;
24290;ЕАЭС KZ ДЕМО-024290;Сертификат соответствия ТР ТС 004/2011 (демо-данные);Демонстрационный орган по сертификации;2028-12-31;;
22280;ЕАЭС KZ ДЕМО-022280;Сертификат соответствия ТР ТС 004/2011 (демо-данные);Демонстрационный орган по сертификации;2028-12-31;;
18800;ЕАЭС KZ ДЕМО-018800;Сертификат соответствия ТР ТС 004/2011 (демо-данные);Демонстрационный орган по сертификации;2028-12-31;;
18260;ЕАЭС KZ ДЕМО-018260;Сертификат соответствия ТР ТС 004/2011 (демо-данные);Демонстрационный орган по сертификации;2028-12-31;;
21790;ЕАЭС KZ ДЕМО-021790;Сертификат соответствия ТР ТС 004/2011 (демо-данные);Демонстрационный орган по сертификации;2028-12-31;;
38620;ЕАЭС KZ ДЕМО-038620;Сертификат соответствия ТР ТС 004/2011 (демо-данные);Демонстрационный орган по сертификации;2028-12-31;;
514870;ЕАЭС KZ ДЕМО-514870;Сертификат соответствия ТР ТС 004/2011 (демо-данные);Демонстрационный орган по сертификации;2028-12-31;;
33210;ЕАЭС KZ ДЕМО-033210;Сертификат соответствия ТР ТС 004/2011 (демо-данные);Демонстрационный орган по сертификации;2028-12-31;;
19300;ЕАЭС KZ ДЕМО-019300;Сертификат соответствия ТР ТС 004/2011 (демо-данные);Демонстрационный орган по сертификации;2028-12-31;;
20300;ЕАЭС KZ ДЕМО-020300;Сертификат соответствия ТР ТС 004/2011 (демо-данные);Демонстрационный орган по сертификации;2028-12-31;;
21300;ЕАЭС KZ ДЕМО-021300;Сертификат соответствия ТР ТС 004/2011 (демо-данные);Демонстрационный орган по сертификации;2028-12-31;;
57940;ЕАЭС KZ ДЕМО-057940;Сертификат соответствия ТР ТС 004/2011 (демо-данные);Демонстрационный орган по сертификации;2028-12-31;;
46140;ЕАЭС KZ ДЕМО-046140;Сертификат соответствия ТР ТС 004/2011 (демо-данные);Демонстрационный орган по сертификации;2028-12-31;;
25030;ЕАЭС KZ ДЕМО-025030;Сертификат соответствия ТР ТС 004/2011 (демо-данные);Демонстрационный орган по сертификации;2028-12-31;;
21940;ЕАЭС KZ ДЕМО-021940;Сертификат соответствия ТР ТС 004/2011 (демо-данные);Демонстрационный орган по сертификации;2028-12-31;;
44300;ЕАЭС KZ ДЕМО-044300;Сертификат соответствия ТР ТС 004/2011 (демо-данные);Демонстрационный орган по сертификации;2028-12-31;;
44260;ЕАЭС KZ ДЕМО-044260;Сертификат соответствия ТР ТС 004/2011 (демо-данные);Демонстрационный орган по сертификации;2028-12-31;;
44270;ЕАЭС KZ ДЕМО-044270;Сертификат соответствия ТР ТС 004/2011 (демо-данные);Демонстрационный орган по сертификации;2028-12-31;;
33850;ЕАЭС KZ ДЕМО-033850;Сертификат соответствия ТР ТС 004/2011 (демо-данные);Демонстрационный орган по сертификации;2028-12-31;;
33880;ЕАЭС KZ ДЕМО-033880;Сертификат соответствия ТР ТС 004/2011 (демо-данные);Демонстрационный орган по сертификации;2028-12-31;;
33860;ЕАЭС KZ ДЕМО-033860;Сертификат соответствия ТР ТС 004/2011 (демо-данные);Демонстрационный орган по сертификации;2028-12-31;;
33890;ЕАЭС KZ ДЕМО-033890;Сертификат соответствия ТР ТС 004/2011 (демо-данные);Демонстрационный орган по сертификации;2028-12-31;;
33870;ЕАЭС KZ ДЕМО-033870;Сертификат соответствия ТР ТС 004/2011 (демо-данные);Демонстрационный орган по сертификации;2028-12-31;;
34590;ЕАЭС KZ ДЕМО-034590;Сертификат соответствия ТР ТС 004/2011 (демо-данные);Демонстрационный орган по сертификации;2028-12-31;;
34600;ЕАЭС KZ ДЕМО-034600;Сертификат соответствия ТР ТС 004/2011 (демо-данные);Демонстрационный орган по сертификации;2028-12-31;;
38750;ЕАЭС KZ ДЕМО-038750;Сертификат соответствия ТР ТС 004/2011 (демо-данные);Демонстрационный орган по сертификации;2028-12-31;;
43580;ЕАЭС KZ ДЕМО-043580;Сертификат соответствия ТР ТС 004/2011 (демо-данные);Демонстрационный орган по сертификации;2028-12-31;;
56040;ЕАЭС KZ ДЕМО-056040;Сертификат соответствия ТР ТС 004/2011 (демо-данные);Демонстрационный орган по сертификации;2028-12-31;;
50040;ЕАЭС KZ ДЕМО-050040;Сертификат соответствия ТР ТС 004/2011 (демо-данные);Демонстрационный орган по сертификации;2028-12-31;;
50030;ЕАЭС KZ ДЕМО-050030;Сертификат соответствия ТР ТС 004/2011 (демо-данные);Демонстрационный орган по сертификации;2028-12-31;;
56050;ЕАЭС KZ ДЕМО-056050;Сертификат соответствия ТР ТС 004/2011 (демо-данные);Демонстрационный орган по сертификации;2028-12-31;;
48640;ЕАЭС KZ ДЕМО-048640;Сертификат соответствия ТР ТС 004/2011 (демо-данные);Демонстрационный орган по сертификации;2028-12-31;;
48650;ЕАЭС KZ ДЕМО-048650;Сертификат соответствия ТР ТС 004/2011 (демо-данные);Демонстрационный орган по сертификации;2028-12-31;;
48630;ЕАЭС KZ ДЕМО-048630;Сертификат соответствия ТР ТС 004/2011 (демо-данные);Демонстрационный орган по сертификации;2028-12-31;;
43620;ЕАЭС KZ ДЕМО-043620;Сертификат соответствия ТР ТС 004/2011 (демо-данные);Демонстрационный орган по сертификации;2028-12-31;;
50020;ЕАЭС KZ ДЕМО-050020;Сертификат соответствия ТР ТС 004/2011 (демо-данные);Демонстрационный орган по сертификации;2028-12-31;;
50010;ЕАЭС KZ ДЕМО-050010;Сертификат соответствия ТР ТС 004/2011 (демо-данные);Демонстрационный орган по сертификации;2028-12-31;;
43630;ЕАЭС KZ ДЕМО-043630;Сертификат соответствия ТР ТС 004/2011 (демо-данные);Демонстрационный орган по сертификации;2028-12-31;;
49980;ЕАЭС KZ ДЕМО-049980;Сертификат соответствия ТР ТС 004/2011 (демо-данные);Демонстрационный орган по сертификации;2028-12-31;;
43650;ЕАЭС KZ ДЕМО-043650;Сертификат соответствия ТР ТС 004/2011 (демо-данные);Демонстрационный орган по сертификации;2028-12-31;;
49970;ЕАЭС KZ ДЕМО-049970;Сертификат соответствия ТР ТС 004/2011 (демо-данные);Демонстрационный орган по сертификации;2028-12-31;;
43640;ЕАЭС KZ ДЕМО-043640;Сертификат соответствия ТР ТС 004/2011 (демо-данные);Демонстрационный орган по сертификации;2028-12-31;;
43590;ЕАЭС KZ ДЕМО-043590;Сертификат соответствия ТР ТС 004/2011 (демо-данные);Демонстрационный орган по сертификации;2028-12-31;;
523180;ЕАЭС KZ ДЕМО-523180;Сертификат соответствия ТР ТС 004/2011 (демо-данные);Демонстрационный орган по сертификации;2028-12-31;;
43600;ЕАЭС KZ ДЕМО-043600;Сертификат соответствия ТР ТС 004/2011 (демо-данные);Демонстрационный орган по сертификации;2028-12-31;;
48660;ЕАЭС KZ ДЕМО-048660;Сертификат соответствия ТР ТС 004/2011 (демо-данные);Демонстрационный орган по сертификации;2028-12-31;;
47640;ЕАЭС KZ ДЕМО-047640;Сертификат соответствия ТР ТС 004/2011 (демо-данные);Демонстрационный орган по сертификации;2028-12-31;;
47650;ЕАЭС KZ ДЕМО-047650;Сертификат соответствия ТР ТС 004/2011 (демо-данные);Демонстрационный орган по сертификации;2028-12-31;;
47660;ЕАЭС KZ ДЕМО-047660;Сертификат соответствия ТР ТС 004/2011 (демо-данные);Демонстрационный орган по сертификации;2028-12-31;;
43670;ЕАЭС KZ ДЕМО-043670;Сертификат соответствия ТР ТС 004/2011 (демо-данные);Демонстрационный орган по сертификации;2028-12-31;;
43680;ЕАЭС KZ ДЕМО-043680;Сертификат соответствия ТР ТС 004/2011 (демо-данные);Демонстрационный орган по сертификации;2028-12-31;;
49950;ЕАЭС KZ ДЕМО-049950;Сертификат соответствия ТР ТС 004/2011 (демо-данные);Демонстрационный орган по сертификации;2028-12-31;;
49940;ЕАЭС KZ ДЕМО-049940;Сертификат соответствия ТР ТС 004/2011 (демо-данные);Демонстрационный орган по сертификации;2028-12-31;;
514270;ЕАЭС KZ ДЕМО-514270;Сертификат соответствия ТР ТС 004/2011 (демо-данные);Демонстрационный орган по сертификации;2028-12-31;;
48670;ЕАЭС KZ ДЕМО-048670;Сертификат соответствия ТР ТС 004/2011 (демо-данные);Демонстрационный орган по сертификации;2028-12-31;;
48680;ЕАЭС KZ ДЕМО-048680;Сертификат соответствия ТР ТС 004/2011 (демо-данные);Демонстрационный орган по сертификации;2028-12-31;;
43660;ЕАЭС KZ ДЕМО-043660;Сертификат соответствия ТР ТС 004/2011 (демо-данные);Демонстрационный орган по сертификации;2028-12-31;;
49990;ЕАЭС KZ ДЕМО-049990;Сертификат соответствия ТР ТС 004/2011 (демо-данные);Демонстрационный орган по сертификации;2028-12-31;;
49960;ЕАЭС KZ ДЕМО-049960;Сертификат соответствия ТР ТС 004/2011 (демо-данные);Демонстрационный орган по сертификации;2028-12-31;;
43610;ЕАЭС KZ ДЕМО-043610;Сертификат соответствия ТР ТС 004/2011 (демо-данные);Демонстрационный орган по сертификации;2028-12-31;;
54170;ЕАЭС KZ ДЕМО-054170;Сертификат соответствия ТР ТС 004/2011 (демо-данные);Демонстрационный орган по сертификации;2028-12-31;;
529620;ЕАЭС KZ ДЕМО-529620;Сертификат соответствия ТР ТС 004/2011 (демо-данные);Демонстрационный орган по сертификации;2028-12-31;;
529610;ЕАЭС KZ ДЕМО-529610;Сертификат соответствия ТР ТС 004/2011 (демо-данные);Демонстрационный орган по сертификации;2028-12-31;;
34430;ЕАЭС KZ ДЕМО-034430;Сертификат соответствия ТР ТС 004/2011 (демо-данные);Демонстрационный орган по сертификации;2028-12-31;;
34400;ЕАЭС KZ ДЕМО-034400;Сертификат соответствия ТР ТС 004/2011 (демо-данные);Демонстрационный орган по сертификации;2028-12-31;;
34420;ЕАЭС KZ ДЕМО-034420;Сертификат соответствия ТР ТС 004/2011 (демо-данные);Демонстрационный орган по сертификации;2028-12-31;;
31660;ЕАЭС KZ ДЕМО-031660;Сертификат соответствия ТР ТС 004/2011 (демо-данные);Демонстрационный орган по сертификации;2028-12-31;;
31670;ЕАЭС KZ ДЕМО-031670;Сертификат соответствия ТР ТС 004/2011 (демо-данные);Демонстрационный орган по сертификации;2028-12-31;;
32570;ЕАЭС KZ ДЕМО-032570;Сертификат соответствия ТР ТС 004/2011 (демо-данные);Демонстрационный орган по сертификации;2028-12-31;;
32470;ЕАЭС KZ ДЕМО-032470;Сертификат соответствия ТР ТС 004/2011 (демо-данные);Демонстрационный орган по сертификации;2028-12-31;;
32460;ЕАЭС KZ ДЕМО-032460;Сертификат соответствия ТР ТС 004/2011 (демо-данные);Демонстрационный орган по сертификации;2028-12-31;;
32370;ЕАЭС KZ ДЕМО-032370;Сертификат соответствия ТР ТС 004/2011 (демо-данные);Демонстрационный орган по сертификации;2028-12-31;;
32350;ЕАЭС KZ ДЕМО-032350;Сертификат соответствия ТР ТС 004/2011 (демо-данные);Демонстрационный орган по сертификации;2028-12-31;;
32320;ЕАЭС KZ ДЕМО-032320;Сертификат соответствия ТР ТС 004/2011 (демо-данные);Демонстрационный орган по сертификации;2028-12-31;;
32330;ЕАЭС KZ ДЕМО-032330;Сертификат соответствия ТР ТС 004/2011 (демо-данные);Демонстрационный орган по сертификации;2028-12-31;;
32310;ЕАЭС KZ ДЕМО-032310;Сертификат соответствия ТР ТС 004/2011 (демо-данные);Демонстрационный орган по сертификации;2028-12-31;;
32300;ЕАЭС KZ ДЕМО-032300;Сертификат соответствия ТР ТС 004/2011 (демо-данные);Демонстрационный орган по сертификации;2028-12-31;;
32480;ЕАЭС KZ ДЕМО-032480;Сертификат соответствия ТР ТС 004/2011 (демо-данные);Демонстрационный орган по сертификации;2028-12-31;;
32430;ЕАЭС KZ ДЕМО-032430;Сертификат соответствия ТР ТС 004/2011 (демо-данные);Демонстрационный орган по сертификации;2028-12-31;;
22370;ЕАЭС KZ ДЕМО-022370;Сертификат соответствия ТР ТС 004/2011 (демо-данные);Демонстрационный орган по сертификации;2028-12-31;;
19940;ЕАЭС KZ ДЕМО-019940;Сертификат соответствия ТР ТС 004/2011 (демо-данные);Демонстрационный орган по сертификации;2028-12-31;;
18330;ЕАЭС KZ ДЕМО-018330;Сертификат соответствия ТР ТС 004/2011 (демо-данные);Демонстрационный орган по сертификации;2028-12-31;;
36430;ЕАЭС KZ ДЕМО-036430;Сертификат соответствия ТР ТС 004/2011 (демо-данные);Демонстрационный орган по сертификации;2028-12-31;;
32450;ЕАЭС KZ ДЕМО-032450;Сертификат соответствия ТР ТС 004/2011 (демо-данные);Демонстрационный орган по сертификации;2028-12-31;;
31740;ЕАЭС KZ ДЕМО-031740;Сертификат соответствия ТР ТС 004/2011 (демо-данные);Демонстрационный орган по сертификации;2028-12-31;;
31590;ЕАЭС KZ ДЕМО-031590;Сертификат соответствия ТР ТС 004/2011 (демо-данные);Демонстрационный орган по сертификации;2028-12-31;;
36410;ЕАЭС KZ ДЕМО-036410;Сертификат соответствия ТР ТС 004/2011 (демо-данные);Демонстрационный орган по сертификации;2028-12-31;;
32360;ЕАЭС KZ ДЕМО-032360;Сертификат соответствия ТР ТС 004/2011 (демо-данные);Демонстрационный орган по сертификации;2028-12-31;;
32520;ЕАЭС KZ ДЕМО-032520;Сертификат соответствия ТР ТС 004/2011 (демо-данные);Демонстрационный орган по сертификации;2028-12-31;;
33000;ЕАЭС KZ ДЕМО-033000;Сертификат соответствия ТР ТС 004/2011 (демо-данные);Демонстрационный орган по сертификации;2028-12-31;;
32410;ЕАЭС KZ ДЕМО-032410;Сертификат соответствия ТР ТС 004/2011 (демо-данные);Демонстрационный орган по сертификации;2028-12-31;;
32510;ЕАЭС KZ ДЕМО-032510;Сертификат соответствия ТР ТС 004/2011 (демо-данные);Демонстрационный орган по сертификации;2028-12-31;;
32380;ЕАЭС KZ ДЕМО-032380;Сертификат соответствия ТР ТС 004/2011 (демо-данные);Демонстрационный орган по сертификации;2028-12-31;;
32340;ЕАЭС KZ ДЕМО-032340;Сертификат соответствия ТР ТС 004/2011 (демо-данные);Демонстрационный орган по сертификации;2028-12-31;;
45250;ЕАЭС KZ ДЕМО-045250;Сертификат соответствия ТР ТС 004/2011 (демо-данные);Демонстрационный орган по сертификации;2028-12-31;;
45260;ЕАЭС KZ ДЕМО-045260;Сертификат соответствия ТР ТС 004/2011 (демо-данные);Демонстрационный орган по сертификации;2028-12-31;;
55270;ЕАЭС KZ ДЕМО-055270;Сертификат соответствия ТР ТС 004/2011 (демо-данные);Демонстрационный орган по сертификации;2028-12-31;;
45270;ЕАЭС KZ ДЕМО-045270;Сертификат соответствия ТР ТС 004/2011 (демо-данные);Демонстрационный орган по сертификации;2028-12-31;;
32440;ЕАЭС KZ ДЕМО-032440;Сертификат соответствия ТР ТС 004/2011 (демо-данные);Демонстрационный орган по сертификации;2028-12-31;;
32420;ЕАЭС KZ ДЕМО-032420;Сертификат соответствия ТР ТС 004/2011 (демо-данные);Демонстрационный орган по сертификации;2028-12-31;;
33320;ЕАЭС KZ ДЕМО-033320;Сертификат соответствия ТР ТС 004/2011 (демо-данные);Демонстрационный орган по сертификации;2028-12-31;;
32970;ЕАЭС KZ ДЕМО-032970;Сертификат соответствия ТР ТС 004/2011 (демо-данные);Демонстрационный орган по сертификации;2028-12-31;;
33340;ЕАЭС KZ ДЕМО-033340;Сертификат соответствия ТР ТС 004/2011 (демо-данные);Демонстрационный орган по сертификации;2028-12-31;;
32290;ЕАЭС KZ ДЕМО-032290;Сертификат соответствия ТР ТС 004/2011 (демо-данные);Демонстрационный орган по сертификации;2028-12-31;;
33330;ЕАЭС KZ ДЕМО-033330;Сертификат соответствия ТР ТС 004/2011 (демо-данные);Демонстрационный орган по сертификации;2028-12-31;;
32560;ЕАЭС KZ ДЕМО-032560;Сертификат соответствия ТР ТС 004/2011 (демо-данные);Демонстрационный орган по сертификации;2028-12-31;;
32490;ЕАЭС KZ ДЕМО-032490;Сертификат соответствия ТР ТС 004/2011 (демо-данные);Демонстрационный орган по сертификации;2028-12-31;;
32540;ЕАЭС KZ ДЕМО-032540;Сертификат соответствия ТР ТС 004/2011 (демо-данные);Демонстрационный орган по сертификации;2028-12-31;;
32500;ЕАЭС KZ ДЕМО-032500;Сертификат соответствия ТР ТС 004/2011 (демо-данные);Демонстрационный орган по сертификации;2028-12-31;;
32550;ЕАЭС KZ ДЕМО-032550;Сертификат соответствия ТР ТС 004/2011 (демо-данные);Демонстрационный орган по сертификации;2028-12-31;;
32400;ЕАЭС KZ ДЕМО-032400;Сертификат соответствия ТР ТС 004/2011 (демо-данные);Демонстрационный орган по сертификации;2028-12-31;;
32390;ЕАЭС KZ ДЕМО-032390;Сертификат соответствия ТР ТС 004/2011 (демо-данные);Демонстрационный орган по сертификации;2028-12-31;;
32990;ЕАЭС KZ ДЕМО-032990;Сертификат соответствия ТР ТС 004/2011 (демо-данные);Демонстрационный орган по сертификации;2028-12-31;;
32980;ЕАЭС KZ ДЕМО-032980;Сертификат соответствия ТР ТС 004/2011 (демо-данные);Демонстрационный орган по сертификации;2028-12-31;;
32530;ЕАЭС KZ ДЕМО-032530;Сертификат соответствия ТР ТС 004/2011 (демо-данные);Демонстрационный орган по сертификации;2028-12-31;;
507690;ЕАЭС KZ ДЕМО-507690;Сертификат соответствия ТР ТС 004/2011 (демо-данные);Демонстрационный орган по сертификации;2028-12-31;;
507700;ЕАЭС KZ ДЕМО-507700;Сертификат соответствия ТР ТС 004/2011 (демо-данные);Демонстрационный орган по сертификации;2028-12-31;;
507830;ЕАЭС KZ ДЕМО-507830;Сертификат соответствия ТР ТС 004/2011 (демо-данные);Демонстрационный орган по сертификации;2028-12-31;;
507840;ЕАЭС KZ ДЕМО-507840;Сертификат соответствия ТР ТС 004/2011 (демо-данные);Демонстрационный орган по сертификации;2028-12-31;;
507730;ЕАЭС KZ ДЕМО-507730;Сертификат соответствия ТР ТС 004/2011 (демо-данные);Демонстрационный орган по сертификации;2028-12-31;;
507740;ЕАЭС KZ ДЕМО-507740;Сертификат соответствия ТР ТС 004/2011 (демо-данные);Демонстрационный орган по сертификации;2028-12-31;;
507780;ЕАЭС KZ ДЕМО-507780;Сертификат соответствия ТР ТС 004/2011 (демо-данные);Демонстрационный орган по сертификации;2028-12-31;;
507750;ЕАЭС KZ ДЕМО-507750;Сертификат соответствия ТР ТС 004/2011 (демо-данные);Демонстрационный орган по сертификации;2028-12-31;;
507760;ЕАЭС KZ ДЕМО-507760;Сертификат соответствия ТР ТС 004/2011 (демо-данные);Демонстрационный орган по сертификации;2028-12-31;;
507770;ЕАЭС KZ ДЕМО-507770;Сертификат соответствия ТР ТС 004/2011 (демо-данные);Демонстрационный орган по сертификации;2028-12-31;;
507810;ЕАЭС KZ ДЕМО-507810;Сертификат соответствия ТР ТС 004/2011 (демо-данные);Демонстрационный орган по сертификации;2028-12-31;;
507820;ЕАЭС KZ ДЕМО-507820;Сертификат соответствия ТР ТС 004/2011 (демо-данные);Демонстрационный орган по сертификации;2028-12-31;;
507790;ЕАЭС KZ ДЕМО-507790;Сертификат соответствия ТР ТС 004/2011 (демо-данные);Демонстрационный орган по сертификации;2028-12-31;;
507800;ЕАЭС KZ ДЕМО-507800;Сертификат соответствия ТР ТС 004/2011 (демо-данные);Демонстрационный орган по сертификации;2028-12-31;;
507710;ЕАЭС KZ ДЕМО-507710;Сертификат соответствия ТР ТС 004/2011 (демо-данные);Демонстрационный орган по сертификации;2028-12-31;;
507720;ЕАЭС KZ ДЕМО-507720;Сертификат соответствия ТР ТС 004/2011 (демо-данные);Демонстрационный орган по сертификации;2028-12-31;;
45280;ЕАЭС KZ ДЕМО-045280;Сертификат соответствия ТР ТС 004/2011 (демо-данные);Демонстрационный орган по сертификации;2028-12-31;;
33350;ЕАЭС KZ ДЕМО-033350;Сертификат соответствия ТР ТС 004/2011 (демо-данные);Демонстрационный орган по сертификации;2028-12-31;;
33360;ЕАЭС KZ ДЕМО-033360;Сертификат соответствия ТР ТС 004/2011 (демо-данные);Демонстрационный орган по сертификации;2028-12-31;;
33380;ЕАЭС KZ ДЕМО-033380;Сертификат соответствия ТР ТС 004/2011 (демо-данные);Демонстрационный орган по сертификации;2028-12-31;;
33370;ЕАЭС KZ ДЕМО-033370;Сертификат соответствия ТР ТС 004/2011 (демо-данные);Демонстрационный орган по сертификации;2028-12-31;;
31990;ЕАЭС KZ ДЕМО-031990;Сертификат соответствия ТР ТС 004/2011 (демо-данные);Демонстрационный орган по сертификации;2028-12-31;;
31980;ЕАЭС KZ ДЕМО-031980;Сертификат соответствия ТР ТС 004/2011 (демо-данные);Демонстрационный орган по сертификации;2028-12-31;;
33390;ЕАЭС KZ ДЕМО-033390;Сертификат соответствия ТР ТС 004/2011 (демо-данные);Демонстрационный орган по сертификации;2028-12-31;;
33400;ЕАЭС KZ ДЕМО-033400;Сертификат соответствия ТР ТС 004/2011 (демо-данные);Демонстрационный орган по сертификации;2028-12-31;;
33410;ЕАЭС KZ ДЕМО-033410;Сертификат соответствия ТР ТС 004/2011 (демо-данные);Демонстрационный орган по сертификации;2028-12-31;;
33420;ЕАЭС KZ ДЕМО-033420;Сертификат соответствия ТР ТС 004/2011 (демо-данные);Демонстрационный орган по сертификации;2028-12-31;;
30050;ЕАЭС KZ ДЕМО-030050;Сертификат соответствия ТР ТС 004/2011 (демо-данные);Демонстрационный орган по сертификации;2028-12-31;;
30070;ЕАЭС KZ ДЕМО-030070;Сертификат соответствия ТР ТС 004/2011 (демо-данные);Демонстрационный орган по сертификации;2028-12-31;;
30060;ЕАЭС KZ ДЕМО-030060;Сертификат соответствия ТР ТС 004/2011 (демо-данные);Демонстрационный орган по сертификации;2028-12-31;;
30100;ЕАЭС KZ ДЕМО-030100;Сертификат соответствия ТР ТС 004/2011 (демо-данные);Демонстрационный орган по сертификации;2028-12-31;;
30090;ЕАЭС KZ ДЕМО-030090;Сертификат соответствия ТР ТС 004/2011 (демо-данные);Демонстрационный орган по сертификации;2028-12-31;;
30110;ЕАЭС KZ ДЕМО-030110;Сертификат соответствия ТР ТС 004/2011 (демо-данные);Демонстрационный орган по сертификации;2028-12-31;;
30140;ЕАЭС KZ ДЕМО-030140;Сертификат соответствия ТР ТС 004/2011 (демо-данные);Демонстрационный орган по сертификации;2028-12-31;;
30160;ЕАЭС KZ ДЕМО-030160;Сертификат соответствия ТР ТС 004/2011 (демо-данные);Демонстрационный орган по сертификации;2028-12-31;;
30150;ЕАЭС KZ ДЕМО-030150;Сертификат соответствия ТР ТС 004/2011 (демо-данные);Демонстрационный орган по сертификации;2028-12-31;;
30210;ЕАЭС KZ ДЕМО-030210;Сертификат соответствия ТР ТС 004/2011 (демо-данные);Демонстрационный орган по сертификации;2028-12-31;;
30200;ЕАЭС KZ ДЕМО-030200;Сертификат соответствия ТР ТС 004/2011 (демо-данные);Демонстрационный орган по сертификации;2028-12-31;;
30190;ЕАЭС KZ ДЕМО-030190;Сертификат соответствия ТР ТС 004/2011 (демо-данные);Демонстрационный орган по сертификации;2028-12-31;;
30180;ЕАЭС KZ ДЕМО-030180;Сертификат соответствия ТР ТС 004/2011 (демо-данные);Демонстрационный орган по сертификации;2028-12-31;;
30170;ЕАЭС KZ ДЕМО-030170;Сертификат соответствия ТР ТС 004/2011 (демо-данные);Демонстрационный орган по сертификации;2028-12-31;;
33200;ЕАЭС KZ ДЕМО-033200;Сертификат соответствия ТР ТС 004/2011 (демо-данные);Демонстрационный орган по сертификации;2028-12-31;;
33180;ЕАЭС KZ ДЕМО-033180;Сертификат соответствия ТР ТС 004/2011 (демо-данные);Демонстрационный орган по сертификации;2028-12-31;;
33190;ЕАЭС KZ ДЕМО-033190;Сертификат соответствия ТР ТС 004/2011 (демо-данные);Демонстрационный орган по сертификации;2028-12-31;;
19370;ЕАЭС KZ ДЕМО-019370;Сертификат соответствия ТР ТС 004/2011 (демо-данные);Демонстрационный орган по сертификации;2028-12-31;;
31240;ЕАЭС KZ ДЕМО-031240;Сертификат соответствия ТР ТС 004/2011 (демо-данные);Демонстрационный орган по сертификации;2028-12-31;;
31200;ЕАЭС KZ ДЕМО-031200;Сертификат соответствия ТР ТС 004/2011 (демо-данные);Демонстрационный орган по сертификации;2028-12-31;;
31250;ЕАЭС KZ ДЕМО-031250;Сертификат соответствия ТР ТС 004/2011 (демо-данные);Демонстрационный орган по сертификации;2028-12-31;;
31260;ЕАЭС KZ ДЕМО-031260;Сертификат соответствия ТР ТС 004/2011 (демо-данные);Демонстрационный орган по сертификации;2028-12-31;;
31220;ЕАЭС KZ ДЕМО-031220;Сертификат соответствия ТР ТС 004/2011 (демо-данные);Демонстрационный орган по сертификации;2028-12-31;;
31210;ЕАЭС KZ ДЕМО-031210;Сертификат соответствия ТР ТС 004/2011 (демо-данные);Демонстрационный орган по сертификации;2028-12-31;;
31230;ЕАЭС KZ ДЕМО-031230;Сертификат соответствия ТР ТС 004/2011 (демо-данные);Демонстрационный орган по сертификации;2028-12-31;;
31390;ЕАЭС KZ ДЕМО-031390;Сертификат соответствия ТР ТС 004/2011 (демо-данные);Демонстрационный орган по сертификации;2028-12-31;;
31350;ЕАЭС KZ ДЕМО-031350;Сертификат соответствия ТР ТС 004/2011 (демо-данные);Демонстрационный орган по сертификации;2028-12-31;;
31380;ЕАЭС KZ ДЕМО-031380;Сертификат соответствия ТР ТС 004/2011 (демо-данные);Демонстрационный орган по сертификации;2028-12-31;;
31360;ЕАЭС KZ ДЕМО-031360;Сертификат соответствия ТР ТС 004/2011 (демо-данные);Демонстрационный орган по сертификации;2028-12-31;;
31420;ЕАЭС KZ ДЕМО-031420;Сертификат соответствия ТР ТС 004/2011 (демо-данные);Демонстрационный орган по сертификации;2028-12-31;;
31340;ЕАЭС KZ ДЕМО-031340;Сертификат соответствия ТР ТС 004/2011 (демо-данные);Демонстрационный орган по сертификации;2028-12-31;;
31320;ЕАЭС KZ ДЕМО-031320;Сертификат соответствия ТР ТС 004/2011 (демо-данные);Демонстрационный орган по сертификации;2028-12-31;;
31460;ЕАЭС KZ ДЕМО-031460;Сертификат соответствия ТР ТС 004/2011 (демо-данные);Демонстрационный орган по сертификации;2028-12-31;;
31330;ЕАЭС KZ ДЕМО-031330;Сертификат соответствия ТР ТС 004/2011 (демо-данные);Демонстрационный орган по сертификации;2028-12-31;;
31430;ЕАЭС KZ ДЕМО-031430;Сертификат соответствия ТР ТС 004/2011 (демо-данные);Демонстрационный орган по сертификации;2028-12-31;;
31440;ЕАЭС KZ ДЕМО-031440;Сертификат соответствия ТР ТС 004/2011 (демо-данные);Демонстрационный орган по сертификации;2028-12-31;;
31400;ЕАЭС KZ ДЕМО-031400;Сертификат соответствия ТР ТС 004/2011 (демо-данные);Демонстрационный орган по сертификации;2028-12-31;;
31370;ЕАЭС KZ ДЕМО-031370;Сертификат соответствия ТР ТС 004/2011 (демо-данные);Демонстрационный орган по сертификации;2028-12-31;;
31310;ЕАЭС KZ ДЕМО-031310;Сертификат соответствия ТР ТС 004/2011 (демо-данные);Демонстрационный орган по сертификации;2028-12-31;;
31300;ЕАЭС KZ ДЕМО-031300;Сертификат соответствия ТР ТС 004/2011 (демо-данные);Демонстрационный орган по сертификации;2028-12-31;;
31480;ЕАЭС KZ ДЕМО-031480;Сертификат соответствия ТР ТС 004/2011 (демо-данные);Демонстрационный орган по сертификации;2028-12-31;;
31510;ЕАЭС KZ ДЕМО-031510;Сертификат соответствия ТР ТС 004/2011 (демо-данные);Демонстрационный орган по сертификации;2028-12-31;;
31550;ЕАЭС KZ ДЕМО-031550;Сертификат соответствия ТР ТС 004/2011 (демо-данные);Демонстрационный орган по сертификации;2028-12-31;;
31500;ЕАЭС KZ ДЕМО-031500;Сертификат соответствия ТР ТС 004/2011 (демо-данные);Демонстрационный орган по сертификации;2028-12-31;;
22120;ЕАЭС KZ ДЕМО-022120;Сертификат соответствия ТР ТС 004/2011 (демо-данные);Демонстрационный орган по сертификации;2028-12-31;;
32650;ЕАЭС KZ ДЕМО-032650;Сертификат соответствия ТР ТС 004/2011 (демо-данные);Демонстрационный орган по сертификации;2028-12-31;;
33610;ЕАЭС KZ ДЕМО-033610;Сертификат соответствия ТР ТС 004/2011 (демо-данные);Демонстрационный орган по сертификации;2028-12-31;;
33630;ЕАЭС KZ ДЕМО-033630;Сертификат соответствия ТР ТС 004/2011 (демо-данные);Демонстрационный орган по сертификации;2028-12-31;;
22350;ЕАЭС KZ ДЕМО-022350;Сертификат соответствия ТР ТС 004/2011 (демо-данные);Демонстрационный орган по сертификации;2028-12-31;;
25040;ЕАЭС KZ ДЕМО-025040;Сертификат соответствия ТР ТС 004/2011 (демо-данные);Демонстрационный орган по сертификации;2028-12-31;;
33840;ЕАЭС KZ ДЕМО-033840;Сертификат соответствия ТР ТС 004/2011 (демо-данные);Демонстрационный орган по сертификации;2028-12-31;;
18320;ЕАЭС KZ ДЕМО-018320;Сертификат соответствия ТР ТС 004/2011 (демо-данные);Демонстрационный орган по сертификации;2028-12-31;;
32670;ЕАЭС KZ ДЕМО-032670;Сертификат соответствия ТР ТС 004/2011 (демо-данные);Демонстрационный орган по сертификации;2028-12-31;;
524750;ЕАЭС KZ ДЕМО-524750;Сертификат соответствия ТР ТС 004/2011 (демо-данные);Демонстрационный орган по сертификации;2028-12-31;;
524830;ЕАЭС KZ ДЕМО-524830;Сертификат соответствия ТР ТС 004/2011 (демо-данные);Демонстрационный орган по сертификации;2028-12-31;;
524780;ЕАЭС KZ ДЕМО-524780;Сертификат соответствия ТР ТС 004/2011 (демо-данные);Демонстрационный орган по сертификации;2028-12-31;;
528360;ЕАЭС KZ ДЕМО-528360;Сертификат соответствия ТР ТС 004/2011 (демо-данные);Демонстрационный орган по сертификации;2028-12-31;;
528390;ЕАЭС KZ ДЕМО-528390;Сертификат соответствия ТР ТС 004/2011 (демо-данные);Демонстрационный орган по сертификации;2028-12-31;;
524730;ЕАЭС KZ ДЕМО-524730;Сертификат соответствия ТР ТС 004/2011 (демо-данные);Демонстрационный орган по сертификации;2028-12-31;;
524860;ЕАЭС KZ ДЕМО-524860;Сертификат соответствия ТР ТС 004/2011 (демо-данные);Демонстрационный орган по сертификации;2028-12-31;;
524850;ЕАЭС KZ ДЕМО-524850;Сертификат соответствия ТР ТС 004/2011 (демо-данные);Демонстрационный орган по сертификации;2028-12-31;;
528370;ЕАЭС KZ ДЕМО-528370;Сертификат соответствия ТР ТС 004/2011 (демо-данные);Демонстрационный орган по сертификации;2028-12-31;;
524760;ЕАЭС KZ ДЕМО-524760;Сертификат соответствия ТР ТС 004/2011 (демо-данные);Демонстрационный орган по сертификации;2028-12-31;;
524810;ЕАЭС KZ ДЕМО-524810;Сертификат соответствия ТР ТС 004/2011 (демо-данные);Демонстрационный орган по сертификации;2028-12-31;;
530250;ЕАЭС KZ ДЕМО-530250;Сертификат соответствия ТР ТС 004/2011 (демо-данные);Демонстрационный орган по сертификации;2028-12-31;;
524840;ЕАЭС KZ ДЕМО-524840;Сертификат соответствия ТР ТС 004/2011 (демо-данные);Демонстрационный орган по сертификации;2028-12-31;;
524790;ЕАЭС KZ ДЕМО-524790;Сертификат соответствия ТР ТС 004/2011 (демо-данные);Демонстрационный орган по сертификации;2028-12-31;;
524740;ЕАЭС KZ ДЕМО-524740;Сертификат соответствия ТР ТС 004/2011 (демо-данные);Демонстрационный орган по сертификации;2028-12-31;;
524870;ЕАЭС KZ ДЕМО-524870;Сертификат соответствия ТР ТС 004/2011 (демо-данные);Демонстрационный орган по сертификации;2028-12-31;;
524820;ЕАЭС KZ ДЕМО-524820;Сертификат соответствия ТР ТС 004/2011 (демо-данные);Демонстрационный орган по сертификации;2028-12-31;;
528380;ЕАЭС KZ ДЕМО-528380;Сертификат соответствия ТР ТС 004/2011 (демо-данные);Демонстрационный орган по сертификации;2028-12-31;;
524770;ЕАЭС KZ ДЕМО-524770;Сертификат соответствия ТР ТС 004/2011 (демо-данные);Демонстрационный орган по сертификации;2028-12-31;;
524800;ЕАЭС KZ ДЕМО-524800;Сертификат соответствия ТР ТС 004/2011 (демо-данные);Демонстрационный орган по сертификации;2028-12-31;;
519580;ЕАЭС KZ ДЕМО-519580;Сертификат соответствия ТР ТС 004/2011 (демо-данные);Демонстрационный орган по сертификации;2028-12-31;;
519790;ЕАЭС KZ ДЕМО-519790;Сертификат соответствия ТР ТС 004/2011 (демо-данные);Демонстрационный орган по сертификации;2028-12-31;;
515470;ЕАЭС KZ ДЕМО-515470;Сертификат соответствия ТР ТС 004/2011 (демо-данные);Демонстрационный орган по сертификации;2028-12-31;;
515480;ЕАЭС KZ ДЕМО-515480;Сертификат соответствия ТР ТС 004/2011 (демо-данные);Демонстрационный орган по сертификации;2028-12-31;;
515490;ЕАЭС KZ ДЕМО-515490;Сертификат соответствия ТР ТС 004/2011 (демо-данные);Демонстрационный орган по сертификации;2028-12-31;;
519770;ЕАЭС KZ ДЕМО-519770;Сертификат соответствия ТР ТС 004/2011 (демо-данные);Демонстрационный орган по сертификации;2028-12-31;;
519780;ЕАЭС KZ ДЕМО-519780;Сертификат соответствия ТР ТС 004/2011 (демо-данные);Демонстрационный орган по сертификации;2028-12-31;;
515430;ЕАЭС KZ ДЕМО-515430;Сертификат соответствия ТР ТС 004/2011 (демо-данные);Демонстрационный орган по сертификации;2028-12-31;;
515420;ЕАЭС KZ ДЕМО-515420;Сертификат соответствия ТР ТС 004/2011 (демо-данные);Демонстрационный орган по сертификации;2028-12-31;;
515510;ЕАЭС KZ ДЕМО-515510;Сертификат соответствия ТР ТС 004/2011 (демо-данные);Демонстрационный орган по сертификации;2028-12-31;;
515500;ЕАЭС KZ ДЕМО-515500;Сертификат соответствия ТР ТС 004/2011 (демо-данные);Демонстрационный орган по сертификации;2028-12-31;;
515460;ЕАЭС KZ ДЕМО-515460;Сертификат соответствия ТР ТС 004/2011 (демо-данные);Демонстрационный орган по сертификации;2028-12-31;;
515450;ЕАЭС KZ ДЕМО-515450;Сертификат соответствия ТР ТС 004/2011 (демо-данные);Демонстрационный орган по сертификации;2028-12-31;;
519550;ЕАЭС KZ ДЕМО-519550;Сертификат соответствия ТР ТС 004/2011 (демо-данные);Демонстрационный орган по сертификации;2028-12-31;;
519570;ЕАЭС KZ ДЕМО-519570;Сертификат соответствия ТР ТС 004/2011 (демо-данные);Демонстрационный орган по сертификации;2028-12-31;;
519560;ЕАЭС KZ ДЕМО-519560;Сертификат соответствия ТР ТС 004/2011 (демо-данные);Демонстрационный орган по сертификации;2028-12-31;;
515580;ЕАЭС KZ ДЕМО-515580;Сертификат соответствия ТР ТС 004/2011 (демо-данные);Демонстрационный орган по сертификации;2028-12-31;;
515590;ЕАЭС KZ ДЕМО-515590;Сертификат соответствия ТР ТС 004/2011 (демо-данные);Демонстрационный орган по сертификации;2028-12-31;;
519760;ЕАЭС KZ ДЕМО-519760;Сертификат соответствия ТР ТС 004/2011 (демо-данные);Демонстрационный орган по сертификации;2028-12-31;;
515550;ЕАЭС KZ ДЕМО-515550;Сертификат соответствия ТР ТС 004/2011 (демо-данные);Демонстрационный орган по сертификации;2028-12-31;;
515560;ЕАЭС KZ ДЕМО-515560;Сертификат соответствия ТР ТС 004/2011 (демо-данные);Демонстрационный орган по сертификации;2028-12-31;;
515570;ЕАЭС KZ ДЕМО-515570;Сертификат соответствия ТР ТС 004/2011 (демо-данные);Демонстрационный орган по сертификации;2028-12-31;;
519750;ЕАЭС KZ ДЕМО-519750;Сертификат соответствия ТР ТС 004/2011 (демо-данные);Демонстрационный орган по сертификации;2028-12-31;;
515540;ЕАЭС KZ ДЕМО-515540;Сертификат соответствия ТР ТС 004/2011 (демо-данные);Демонстрационный орган по сертификации;2028-12-31;;
515530;ЕАЭС KZ ДЕМО-515530;Сертификат соответствия ТР ТС 004/2011 (демо-данные);Демонстрационный орган по сертификации;2028-12-31;;
519810;ЕАЭС KZ ДЕМО-519810;Сертификат соответствия ТР ТС 004/2011 (демо-данные);Демонстрационный орган по сертификации;2028-12-31;;
519800;ЕАЭС KZ ДЕМО-519800;Сертификат соответствия ТР ТС 004/2011 (демо-данные);Демонстрационный орган по сертификации;2028-12-31;;
519620;ЕАЭС KZ ДЕМО-519620;Сертификат соответствия ТР ТС 004/2011 (демо-данные);Демонстрационный орган по сертификации;2028-12-31;;
519820;ЕАЭС KZ ДЕМО-519820;Сертификат соответствия ТР ТС 004/2011 (демо-данные);Демонстрационный орган по сертификации;2028-12-31;;
22930;ЕАЭС KZ ДЕМО-022930;Сертификат соответствия ТР ТС 004/2011 (демо-данные);Демонстрационный орган по сертификации;2028-12-31;;
21950;ЕАЭС KZ ДЕМО-021950;Сертификат соответствия ТР ТС 004/2011 (демо-данные);Демонстрационный орган по сертификации;2028-12-31;;
38760;ЕАЭС KZ ДЕМО-038760;Сертификат соответствия ТР ТС 004/2011 (демо-данные);Демонстрационный орган по сертификации;2028-12-31;;
22680;ЕАЭС KZ ДЕМО-022680;Сертификат соответствия ТР ТС 004/2011 (демо-данные);Демонстрационный орган по сертификации;2028-12-31;;
23760;ЕАЭС KZ ДЕМО-023760;Сертификат соответствия ТР ТС 004/2011 (демо-данные);Демонстрационный орган по сертификации;2028-12-31;;
19950;ЕАЭС KZ ДЕМО-019950;Сертификат соответствия ТР ТС 004/2011 (демо-данные);Демонстрационный орган по сертификации;2028-12-31;;
38770;ЕАЭС KZ ДЕМО-038770;Сертификат соответствия ТР ТС 004/2011 (демо-данные);Демонстрационный орган по сертификации;2028-12-31;;
28200;ЕАЭС KZ ДЕМО-028200;Сертификат соответствия ТР ТС 004/2011 (демо-данные);Демонстрационный орган по сертификации;2028-12-31;;
28210;ЕАЭС KZ ДЕМО-028210;Сертификат соответствия ТР ТС 004/2011 (демо-данные);Демонстрационный орган по сертификации;2028-12-31;;
28190;ЕАЭС KZ ДЕМО-028190;Сертификат соответствия ТР ТС 004/2011 (демо-данные);Демонстрационный орган по сертификации;2028-12-31;;
526000;ЕАЭС KZ ДЕМО-526000;Сертификат соответствия ТР ТС 004/2011 (демо-данные);Демонстрационный орган по сертификации;2028-12-31;;
46130;ЕАЭС KZ ДЕМО-046130;Сертификат соответствия ТР ТС 004/2011 (демо-данные);Демонстрационный орган по сертификации;2028-12-31;;
22790;ЕАЭС KZ ДЕМО-022790;Сертификат соответствия ТР ТС 004/2011 (демо-данные);Демонстрационный орган по сертификации;2028-12-31;;
30320;ЕАЭС KZ ДЕМО-030320;Сертификат соответствия ТР ТС 004/2011 (демо-данные);Демонстрационный орган по сертификации;2028-12-31;;
26820;ЕАЭС KZ ДЕМО-026820;Сертификат соответствия ТР ТС 004/2011 (демо-данные);Демонстрационный орган по сертификации;2028-12-31;;
526030;ЕАЭС KZ ДЕМО-526030;Сертификат соответствия ТР ТС 004/2011 (демо-данные);Демонстрационный орган по сертификации;2028-12-31;;
526020;ЕАЭС KZ ДЕМО-526020;Сертификат соответствия ТР ТС 004/2011 (демо-данные);Демонстрационный орган по сертификации;2028-12-31;;
526040;ЕАЭС KZ ДЕМО-526040;Сертификат соответствия ТР ТС 004/2011 (демо-данные);Демонстрационный орган по сертификации;2028-12-31;;
38640;ЕАЭС KZ ДЕМО-038640;Сертификат соответствия ТР ТС 004/2011 (демо-данные);Демонстрационный орган по сертификации;2028-12-31;;
38660;ЕАЭС KZ ДЕМО-038660;Сертификат соответствия ТР ТС 004/2011 (демо-данные);Демонстрационный орган по сертификации;2028-12-31;;
38650;ЕАЭС KZ ДЕМО-038650;Сертификат соответствия ТР ТС 004/2011 (демо-данные);Демонстрационный орган по сертификации;2028-12-31;;
30030;ЕАЭС KZ ДЕМО-030030;Сертификат соответствия ТР ТС 004/2011 (демо-данные);Демонстрационный орган по сертификации;2028-12-31;;
41840;ЕАЭС KZ ДЕМО-041840;Сертификат соответствия ТР ТС 004/2011 (демо-данные);Демонстрационный орган по сертификации;2028-12-31;;
41830;ЕАЭС KZ ДЕМО-041830;Сертификат соответствия ТР ТС 004/2011 (демо-данные);Демонстрационный орган по сертификации;2028-12-31;;
46120;ЕАЭС KZ ДЕМО-046120;Сертификат соответствия ТР ТС 004/2011 (демо-данные);Демонстрационный орган по сертификации;2028-12-31;;
46110;ЕАЭС KZ ДЕМО-046110;Сертификат соответствия ТР ТС 004/2011 (демо-данные);Демонстрационный орган по сертификации;2028-12-31;;
41800;ЕАЭС KZ ДЕМО-041800;Сертификат соответствия ТР ТС 004/2011 (демо-данные);Демонстрационный орган по сертификации;2028-12-31;;
41810;ЕАЭС KZ ДЕМО-041810;Сертификат соответствия ТР ТС 004/2011 (демо-данные);Демонстрационный орган по сертификации;2028-12-31;;
41820;ЕАЭС KZ ДЕМО-041820;Сертификат соответствия ТР ТС 004/2011 (демо-данные);Демонстрационный орган по сертификации;2028-12-31;;
39050;ЕАЭС KZ ДЕМО-039050;Сертификат соответствия ТР ТС 004/2011 (демо-данные);Демонстрационный орган по сертификации;2028-12-31;;
39060;ЕАЭС KZ ДЕМО-039060;Сертификат соответствия ТР ТС 004/2011 (демо-данные);Демонстрационный орган по сертификации;2028-12-31;;
519320;ЕАЭС KZ ДЕМО-519320;Сертификат соответствия ТР ТС 004/2011 (демо-данные);Демонстрационный орган по сертификации;2028-12-31;;
20130;ЕАЭС KZ ДЕМО-020130;Сертификат соответствия ТР ТС 004/2011 (демо-данные);Демонстрационный орган по сертификации;2028-12-31;;
18960;ЕАЭС KZ ДЕМО-018960;Сертификат соответствия ТР ТС 004/2011 (демо-данные);Демонстрационный орган по сертификации;2028-12-31;;
58130;ЕАЭС KZ ДЕМО-058130;Сертификат соответствия ТР ТС 004/2011 (демо-данные);Демонстрационный орган по сертификации;2028-12-31;;
55230;ЕАЭС KZ ДЕМО-055230;Сертификат соответствия ТР ТС 004/2011 (демо-данные);Демонстрационный орган по сертификации;2028-12-31;;
44800;ЕАЭС KZ ДЕМО-044800;Сертификат соответствия ТР ТС 004/2011 (демо-данные);Демонстрационный орган по сертификации;2028-12-31;;
23370;ЕАЭС KZ ДЕМО-023370;Сертификат соответствия ТР ТС 004/2011 (демо-данные);Демонстрационный орган по сертификации;2028-12-31;;
18010;ЕАЭС KZ ДЕМО-018010;Сертификат соответствия ТР ТС 004/2011 (демо-данные);Демонстрационный орган по сертификации;2028-12-31;;
18030;ЕАЭС KZ ДЕМО-018030;Сертификат соответствия ТР ТС 004/2011 (демо-данные);Демонстрационный орган по сертификации;2028-12-31;;
22780;ЕАЭС KZ ДЕМО-022780;Сертификат соответствия ТР ТС 004/2011 (демо-данные);Демонстрационный орган по сертификации;2028-12-31;;
19090;ЕАЭС KZ ДЕМО-019090;Сертификат соответствия ТР ТС 004/2011 (демо-данные);Демонстрационный орган по сертификации;2028-12-31;;
21090;ЕАЭС KZ ДЕМО-021090;Сертификат соответствия ТР ТС 004/2011 (демо-данные);Демонстрационный орган по сертификации;2028-12-31;;
36270;ЕАЭС KZ ДЕМО-036270;Сертификат соответствия ТР ТС 004/2011 (демо-данные);Демонстрационный орган по сертификации;2028-12-31;;
20000;ЕАЭС KZ ДЕМО-020000;Сертификат соответствия ТР ТС 004/2011 (демо-данные);Демонстрационный орган по сертификации;2028-12-31;;
23090;ЕАЭС KZ ДЕМО-023090;Сертификат соответствия ТР ТС 004/2011 (демо-данные);Демонстрационный орган по сертификации;2028-12-31;;
47330;ЕАЭС KZ ДЕМО-047330;Сертификат соответствия ТР ТС 004/2011 (демо-данные);Демонстрационный орган по сертификации;2028-12-31;;
519950;ЕАЭС KZ ДЕМО-519950;Сертификат соответствия ТР ТС 004/2011 (демо-данные);Демонстрационный орган по сертификации;2028-12-31;;
519980;ЕАЭС KZ ДЕМО-519980;Сертификат соответствия ТР ТС 004/2011 (демо-данные);Демонстрационный орган по сертификации;2028-12-31;;
30130;ЕАЭС KZ ДЕМО-030130;Сертификат соответствия ТР ТС 004/2011 (демо-данные);Демонстрационный орган по сертификации;2028-12-31;;
29570;ЕАЭС KZ ДЕМО-029570;Сертификат соответствия ТР ТС 004/2011 (демо-данные);Демонстрационный орган по сертификации;2028-12-31;;
47340;ЕАЭС KZ ДЕМО-047340;Сертификат соответствия ТР ТС 004/2011 (демо-данные);Демонстрационный орган по сертификации;2028-12-31;;
18280;ЕАЭС KZ ДЕМО-018280;Сертификат соответствия ТР ТС 004/2011 (демо-данные);Демонстрационный орган по сертификации;2028-12-31;;
24010;ЕАЭС KZ ДЕМО-024010;Сертификат соответствия ТР ТС 004/2011 (демо-данные);Демонстрационный орган по сертификации;2028-12-31;;
47350;ЕАЭС KZ ДЕМО-047350;Сертификат соответствия ТР ТС 004/2011 (демо-данные);Демонстрационный орган по сертификации;2028-12-31;;
519960;ЕАЭС KZ ДЕМО-519960;Сертификат соответствия ТР ТС 004/2011 (демо-данные);Демонстрационный орган по сертификации;2028-12-31;;
41760;ЕАЭС KZ ДЕМО-041760;Сертификат соответствия ТР ТС 004/2011 (демо-данные);Демонстрационный орган по сертификации;2028-12-31;;
41770;ЕАЭС KZ ДЕМО-041770;Сертификат соответствия ТР ТС 004/2011 (демо-данные);Демонстрационный орган по сертификации;2028-12-31;;
41780;ЕАЭС KZ ДЕМО-041780;Сертификат соответствия ТР ТС 004/2011 (демо-данные);Демонстрационный орган по сертификации;2028-12-31;;
519970;ЕАЭС KZ ДЕМО-519970;Сертификат соответствия ТР ТС 004/2011 (демо-данные);Демонстрационный орган по сертификации;2028-12-31;;
54690;ЕАЭС KZ ДЕМО-054690;Сертификат соответствия ТР ТС 004/2011 (демо-данные);Демонстрационный орган по сертификации;2028-12-31;;
44180;ЕАЭС KZ ДЕМО-044180;Сертификат соответствия ТР ТС 004/2011 (демо-данные);Демонстрационный орган по сертификации;2028-12-31;;
532820;ЕАЭС KZ ДЕМО-532820;Сертификат соответствия ТР ТС 004/2011 (демо-данные);Демонстрационный орган по сертификации;2028-12-31;;
25420;ЕАЭС KZ ДЕМО-025420;Сертификат соответствия ТР ТС 004/2011 (демо-данные);Демонстрационный орган по сертификации;2028-12-31;;
52260;ЕАЭС KZ ДЕМО-052260;Сертификат соответствия ТР ТС 004/2011 (демо-данные);Демонстрационный орган по сертификации;2028-12-31;;
21340;ЕАЭС KZ ДЕМО-021340;Сертификат соответствия ТР ТС 004/2011 (демо-данные);Демонстрационный орган по сертификации;2028-12-31;;
18290;ЕАЭС KZ ДЕМО-018290;Сертификат соответствия ТР ТС 004/2011 (демо-данные);Демонстрационный орган по сертификации;2028-12-31;;
30720;ЕАЭС KZ ДЕМО-030720;Сертификат соответствия ТР ТС 004/2011 (демо-данные);Демонстрационный орган по сертификации;2028-12-31;;
25000;ЕАЭС KZ ДЕМО-025000;Сертификат соответствия ТР ТС 004/2011 (демо-данные);Демонстрационный орган по сертификации;2028-12-31;;
18920;ЕАЭС KZ ДЕМО-018920;Сертификат соответствия ТР ТС 004/2011 (демо-данные);Демонстрационный орган по сертификации;2028-12-31;;
51280;ЕАЭС KZ ДЕМО-051280;Сертификат соответствия ТР ТС 004/2011 (демо-данные);Демонстрационный орган по сертификации;2028-12-31;;
19100;ЕАЭС KZ ДЕМО-019100;Сертификат соответствия ТР ТС 004/2011 (демо-данные);Демонстрационный орган по сертификации;2028-12-31;;
48150;ЕАЭС KZ ДЕМО-048150;Сертификат соответствия ТР ТС 004/2011 (демо-данные);Демонстрационный орган по сертификации;2028-12-31;;
47370;ЕАЭС KZ ДЕМО-047370;Сертификат соответствия ТР ТС 004/2011 (демо-данные);Демонстрационный орган по сертификации;2028-12-31;;
515050;ЕАЭС KZ ДЕМО-515050;Сертификат соответствия ТР ТС 004/2011 (демо-данные);Демонстрационный орган по сертификации;2028-12-31;;
518990;ЕАЭС KZ ДЕМО-518990;Сертификат соответствия ТР ТС 004/2011 (демо-данные);Демонстрационный орган по сертификации;2028-12-31;;
518980;ЕАЭС KZ ДЕМО-518980;Сертификат соответствия ТР ТС 004/2011 (демо-данные);Демонстрационный орган по сертификации;2028-12-31;;
48160;ЕАЭС KZ ДЕМО-048160;Сертификат соответствия ТР ТС 004/2011 (демо-данные);Демонстрационный орган по сертификации;2028-12-31;;
24300;ЕАЭС KZ ДЕМО-024300;Сертификат соответствия ТР ТС 004/2011 (демо-данные);Демонстрационный орган по сертификации;2028-12-31;;
21080;ЕАЭС KZ ДЕМО-021080;Сертификат соответствия ТР ТС 004/2011 (демо-данные);Демонстрационный орган по сертификации;2028-12-31;;
527760;ЕАЭС KZ ДЕМО-527760;Сертификат соответствия ТР ТС 004/2011 (демо-данные);Демонстрационный орган по сертификации;2028-12-31;;
24080;ЕАЭС KZ ДЕМО-024080;Сертификат соответствия ТР ТС 004/2011 (демо-данные);Демонстрационный орган по сертификации;2028-12-31;;
20080;ЕАЭС KZ ДЕМО-020080;Сертификат соответствия ТР ТС 004/2011 (демо-данные);Демонстрационный орган по сертификации;2028-12-31;;
22080;ЕАЭС KZ ДЕМО-022080;Сертификат соответствия ТР ТС 004/2011 (демо-данные);Демонстрационный орган по сертификации;2028-12-31;;
24040;ЕАЭС KZ ДЕМО-024040;Сертификат соответствия ТР ТС 004/2011 (демо-данные);Демонстрационный орган по сертификации;2028-12-31;;
21990;ЕАЭС KZ ДЕМО-021990;Сертификат соответствия ТР ТС 004/2011 (демо-данные);Демонстрационный орган по сертификации;2028-12-31;;
518860;ЕАЭС KZ ДЕМО-518860;Сертификат соответствия ТР ТС 004/2011 (демо-данные);Демонстрационный орган по сертификации;2028-12-31;;
514250;ЕАЭС KZ ДЕМО-514250;Сертификат соответствия ТР ТС 004/2011 (демо-данные);Демонстрационный орган по сертификации;2028-12-31;;
20340;ЕАЭС KZ ДЕМО-020340;Сертификат соответствия ТР ТС 004/2011 (демо-данные);Демонстрационный орган по сертификации;2028-12-31;;
52860;ЕАЭС KZ ДЕМО-052860;Сертификат соответствия ТР ТС 004/2011 (демо-данные);Демонстрационный орган по сертификации;2028-12-31;;
30860;ЕАЭС KZ ДЕМО-030860;Сертификат соответствия ТР ТС 004/2011 (демо-данные);Демонстрационный орган по сертификации;2028-12-31;;
30700;ЕАЭС KZ ДЕМО-030700;Сертификат соответствия ТР ТС 004/2011 (демо-данные);Демонстрационный орган по сертификации;2028-12-31;;
19330;ЕАЭС KZ ДЕМО-019330;Сертификат соответствия ТР ТС 004/2011 (демо-данные);Демонстрационный орган по сертификации;2028-12-31;;
53960;ЕАЭС KZ ДЕМО-053960;Сертификат соответствия ТР ТС 004/2011 (демо-данные);Демонстрационный орган по сертификации;2028-12-31;;
20330;ЕАЭС KZ ДЕМО-020330;Сертификат соответствия ТР ТС 004/2011 (демо-данные);Демонстрационный орган по сертификации;2028-12-31;;
18070;ЕАЭС KZ ДЕМО-018070;Сертификат соответствия ТР ТС 004/2011 (демо-данные);Демонстрационный орган по сертификации;2028-12-31;;
25740;ЕАЭС KZ ДЕМО-025740;Сертификат соответствия ТР ТС 004/2011 (демо-данные);Демонстрационный орган по сертификации;2028-12-31;;
22030;ЕАЭС KZ ДЕМО-022030;Сертификат соответствия ТР ТС 004/2011 (демо-данные);Демонстрационный орган по сертификации;2028-12-31;;
54920;ЕАЭС KZ ДЕМО-054920;Сертификат соответствия ТР ТС 004/2011 (демо-данные);Демонстрационный орган по сертификации;2028-12-31;;
47360;ЕАЭС KZ ДЕМО-047360;Сертификат соответствия ТР ТС 004/2011 (демо-данные);Демонстрационный орган по сертификации;2028-12-31;;
49540;ЕАЭС KZ ДЕМО-049540;Сертификат соответствия ТР ТС 004/2011 (демо-данные);Демонстрационный орган по сертификации;2028-12-31;;
49550;ЕАЭС KZ ДЕМО-049550;Сертификат соответствия ТР ТС 004/2011 (демо-данные);Демонстрационный орган по сертификации;2028-12-31;;
45340;ЕАЭС KZ ДЕМО-045340;Сертификат соответствия ТР ТС 004/2011 (демо-данные);Демонстрационный орган по сертификации;2028-12-31;;
518850;ЕАЭС KZ ДЕМО-518850;Сертификат соответствия ТР ТС 004/2011 (демо-данные);Демонстрационный орган по сертификации;2028-12-31;;
45350;ЕАЭС KZ ДЕМО-045350;Сертификат соответствия ТР ТС 004/2011 (демо-данные);Демонстрационный орган по сертификации;2028-12-31;;
44680;ЕАЭС KZ ДЕМО-044680;Сертификат соответствия ТР ТС 004/2011 (демо-данные);Демонстрационный орган по сертификации;2028-12-31;;
22400;ЕАЭС KZ ДЕМО-022400;Сертификат соответствия ТР ТС 004/2011 (демо-данные);Демонстрационный орган по сертификации;2028-12-31;;
44690;ЕАЭС KZ ДЕМО-044690;Сертификат соответствия ТР ТС 004/2011 (демо-данные);Демонстрационный орган по сертификации;2028-12-31;;
44670;ЕАЭС KZ ДЕМО-044670;Сертификат соответствия ТР ТС 004/2011 (демо-данные);Демонстрационный орган по сертификации;2028-12-31;;
24830;ЕАЭС KZ ДЕМО-024830;Сертификат соответствия ТР ТС 004/2011 (демо-данные);Демонстрационный орган по сертификации;2028-12-31;;
19010;ЕАЭС KZ ДЕМО-019010;Сертификат соответствия ТР ТС 004/2011 (демо-данные);Демонстрационный орган по сертификации;2028-12-31;;
54990;ЕАЭС KZ ДЕМО-054990;Сертификат соответствия ТР ТС 004/2011 (демо-данные);Демонстрационный орган по сертификации;2028-12-31;;
31060;ЕАЭС KZ ДЕМО-031060;Сертификат соответствия ТР ТС 004/2011 (демо-данные);Демонстрационный орган по сертификации;2028-12-31;;
37890;ЕАЭС KZ ДЕМО-037890;Сертификат соответствия ТР ТС 004/2011 (демо-данные);Демонстрационный орган по сертификации;2028-12-31;;
36730;ЕАЭС KZ ДЕМО-036730;Сертификат соответствия ТР ТС 004/2011 (демо-данные);Демонстрационный орган по сертификации;2028-12-31;;
24950;ЕАЭС KZ ДЕМО-024950;Сертификат соответствия ТР ТС 004/2011 (демо-данные);Демонстрационный орган по сертификации;2028-12-31;;
24310;ЕАЭС KZ ДЕМО-024310;Сертификат соответствия ТР ТС 004/2011 (демо-данные);Демонстрационный орган по сертификации;2028-12-31;;
21030;ЕАЭС KZ ДЕМО-021030;Сертификат соответствия ТР ТС 004/2011 (демо-данные);Демонстрационный орган по сертификации;2028-12-31;;
514260;ЕАЭС KZ ДЕМО-514260;Сертификат соответствия ТР ТС 004/2011 (демо-данные);Демонстрационный орган по сертификации;2028-12-31;;
21980;ЕАЭС KZ ДЕМО-021980;Сертификат соответствия ТР ТС 004/2011 (демо-данные);Демонстрационный орган по сертификации;2028-12-31;;
19080;ЕАЭС KZ ДЕМО-019080;Сертификат соответствия ТР ТС 004/2011 (демо-данные);Демонстрационный орган по сертификации;2028-12-31;;
533100;ЕАЭС KZ ДЕМО-533100;Сертификат соответствия ТР ТС 004/2011 (демо-данные);Демонстрационный орган по сертификации;2028-12-31;;
36070;ЕАЭС KZ ДЕМО-036070;Сертификат соответствия ТР ТС 004/2011 (демо-данные);Демонстрационный орган по сертификации;2028-12-31;;
28730;ЕАЭС KZ ДЕМО-028730;Сертификат соответствия ТР ТС 004/2011 (демо-данные);Демонстрационный орган по сертификации;2028-12-31;;
54970;ЕАЭС KZ ДЕМО-054970;Сертификат соответствия ТР ТС 004/2011 (демо-данные);Демонстрационный орган по сертификации;2028-12-31;;
20460;ЕАЭС KZ ДЕМО-020460;Сертификат соответствия ТР ТС 004/2011 (демо-данные);Демонстрационный орган по сертификации;2028-12-31;;
44820;ЕАЭС KZ ДЕМО-044820;Сертификат соответствия ТР ТС 004/2011 (демо-данные);Демонстрационный орган по сертификации;2028-12-31;;
44200;ЕАЭС KZ ДЕМО-044200;Сертификат соответствия ТР ТС 004/2011 (демо-данные);Демонстрационный орган по сертификации;2028-12-31;;
44810;ЕАЭС KZ ДЕМО-044810;Сертификат соответствия ТР ТС 004/2011 (демо-данные);Демонстрационный орган по сертификации;2028-12-31;;
45170;ЕАЭС KZ ДЕМО-045170;Сертификат соответствия ТР ТС 004/2011 (демо-данные);Демонстрационный орган по сертификации;2028-12-31;;
29430;ЕАЭС KZ ДЕМО-029430;Сертификат соответствия ТР ТС 004/2011 (демо-данные);Демонстрационный орган по сертификации;2028-12-31;;
514160;ЕАЭС KZ ДЕМО-514160;Сертификат соответствия ТР ТС 004/2011 (демо-данные);Демонстрационный орган по сертификации;2028-12-31;;
45590;ЕАЭС KZ ДЕМО-045590;Сертификат соответствия ТР ТС 004/2011 (демо-данные);Демонстрационный орган по сертификации;2028-12-31;;
45560;ЕАЭС KZ ДЕМО-045560;Сертификат соответствия ТР ТС 004/2011 (демо-данные);Демонстрационный орган по сертификации;2028-12-31;;
45570;ЕАЭС KZ ДЕМО-045570;Сертификат соответствия ТР ТС 004/2011 (демо-данные);Демонстрационный орган по сертификации;2028-12-31;;
45580;ЕАЭС KZ ДЕМО-045580;Сертификат соответствия ТР ТС 004/2011 (демо-данные);Демонстрационный орган по сертификации;2028-12-31;;
54340;ЕАЭС KZ ДЕМО-054340;Сертификат соответствия ТР ТС 004/2011 (демо-данные);Демонстрационный орган по сертификации;2028-12-31;;
54360;ЕАЭС KZ ДЕМО-054360;Сертификат соответствия ТР ТС 004/2011 (демо-данные);Демонстрационный орган по сертификации;2028-12-31;;
54650;ЕАЭС KZ ДЕМО-054650;Сертификат соответствия ТР ТС 004/2011 (демо-данные);Демонстрационный орган по сертификации;2028-12-31;;
54610;ЕАЭС KZ ДЕМО-054610;Сертификат соответствия ТР ТС 004/2011 (демо-данные);Демонстрационный орган по сертификации;2028-12-31;;
54330;ЕАЭС KZ ДЕМО-054330;Сертификат соответствия ТР ТС 004/2011 (демо-данные);Демонстрационный орган по сертификации;2028-12-31;;
54370;ЕАЭС KZ ДЕМО-054370;Сертификат соответствия ТР ТС 004/2011 (демо-данные);Демонстрационный орган по сертификации;2028-12-31;;
54350;ЕАЭС KZ ДЕМО-054350;Сертификат соответствия ТР ТС 004/2011 (демо-данные);Демонстрационный орган по сертификации;2028-12-31;;
54390;ЕАЭС KZ ДЕМО-054390;Сертификат соответствия ТР ТС 004/2011 (демо-данные);Демонстрационный орган по сертификации;2028-12-31;;
54430;ЕАЭС KZ ДЕМО-054430;Сертификат соответствия ТР ТС 004/2011 (демо-данные);Демонстрационный орган по сертификации;2028-12-31;;
54420;ЕАЭС KZ ДЕМО-054420;Сертификат соответствия ТР ТС 004/2011 (демо-данные);Демонстрационный орган по сертификации;2028-12-31;;
54410;ЕАЭС KZ ДЕМО-054410;Сертификат соответствия ТР ТС 004/2011 (демо-данные);Демонстрационный орган по сертификации;2028-12-31;;
54640;ЕАЭС KZ ДЕМО-054640;Сертификат соответствия ТР ТС 004/2011 (демо-данные);Демонстрационный орган по сертификации;2028-12-31;;
54530;ЕАЭС KZ ДЕМО-054530;Сертификат соответствия ТР ТС 004/2011 (демо-данные);Демонстрационный орган по сертификации;2028-12-31;;
54540;ЕАЭС KZ ДЕМО-054540;Сертификат соответствия ТР ТС 004/2011 (демо-данные);Демонстрационный орган по сертификации;2028-12-31;;
54560;ЕАЭС KZ ДЕМО-054560;Сертификат соответствия ТР ТС 004/2011 (демо-данные);Демонстрационный орган по сертификации;2028-12-31;;
54550;ЕАЭС KZ ДЕМО-054550;Сертификат соответствия ТР ТС 004/2011 (демо-данные);Демонстрационный орган по сертификации;2028-12-31;;
54570;ЕАЭС KZ ДЕМО-054570;Сертификат соответствия ТР ТС 004/2011 (демо-данные);Демонстрационный орган по сертификации;2028-12-31;;
24270;ЕАЭС KZ ДЕМО-024270;Сертификат соответствия ТР ТС 004/2011 (демо-данные);Демонстрационный орган по сертификации;2028-12-31;;
49850;ЕАЭС KZ ДЕМО-049850;Сертификат соответствия ТР ТС 004/2011 (демо-данные);Демонстрационный орган по сертификации;2028-12-31;;
49860;ЕАЭС KZ ДЕМО-049860;Сертификат соответствия ТР ТС 004/2011 (демо-данные);Демонстрационный орган по сертификации;2028-12-31;;
37280;ЕАЭС KZ ДЕМО-037280;Сертификат соответствия ТР ТС 004/2011 (демо-данные);Демонстрационный орган по сертификации;2028-12-31;;
49880;ЕАЭС KZ ДЕМО-049880;Сертификат соответствия ТР ТС 004/2011 (демо-данные);Демонстрационный орган по сертификации;2028-12-31;;
49890;ЕАЭС KZ ДЕМО-049890;Сертификат соответствия ТР ТС 004/2011 (демо-данные);Демонстрационный орган по сертификации;2028-12-31;;
49870;ЕАЭС KZ ДЕМО-049870;Сертификат соответствия ТР ТС 004/2011 (демо-данные);Демонстрационный орган по сертификации;2028-12-31;;
49900;ЕАЭС KZ ДЕМО-049900;Сертификат соответствия ТР ТС 004/2011 (демо-данные);Демонстрационный орган по сертификации;2028-12-31;;
39080;ЕАЭС KZ ДЕМО-039080;Сертификат соответствия ТР ТС 004/2011 (демо-данные);Демонстрационный орган по сертификации;2028-12-31;;
39070;ЕАЭС KZ ДЕМО-039070;Сертификат соответствия ТР ТС 004/2011 (демо-данные);Демонстрационный орган по сертификации;2028-12-31;;
24870;ЕАЭС KZ ДЕМО-024870;Сертификат соответствия ТР ТС 004/2011 (демо-данные);Демонстрационный орган по сертификации;2028-12-31;;
22430;ЕАЭС KZ ДЕМО-022430;Сертификат соответствия ТР ТС 004/2011 (демо-данные);Демонстрационный орган по сертификации;2028-12-31;;
18390;ЕАЭС KZ ДЕМО-018390;Сертификат соответствия ТР ТС 004/2011 (демо-данные);Демонстрационный орган по сертификации;2028-12-31;;
18860;ЕАЭС KZ ДЕМО-018860;Сертификат соответствия ТР ТС 004/2011 (демо-данные);Демонстрационный орган по сертификации;2028-12-31;;
24880;ЕАЭС KZ ДЕМО-024880;Сертификат соответствия ТР ТС 004/2011 (демо-данные);Демонстрационный орган по сертификации;2028-12-31;;
516350;ЕАЭС KZ ДЕМО-516350;Сертификат соответствия ТР ТС 004/2011 (демо-данные);Демонстрационный орган по сертификации;2028-12-31;;
23800;ЕАЭС KZ ДЕМО-023800;Сертификат соответствия ТР ТС 004/2011 (демо-данные);Демонстрационный орган по сертификации;2028-12-31;;
24840;ЕАЭС KZ ДЕМО-024840;Сертификат соответствия ТР ТС 004/2011 (демо-данные);Демонстрационный орган по сертификации;2028-12-31;;
38490;ЕАЭС KZ ДЕМО-038490;Сертификат соответствия ТР ТС 004/2011 (демо-данные);Демонстрационный орган по сертификации;2028-12-31;;
24860;ЕАЭС KZ ДЕМО-024860;Сертификат соответствия ТР ТС 004/2011 (демо-данные);Демонстрационный орган по сертификации;2028-12-31;;
18840;ЕАЭС KZ ДЕМО-018840;Сертификат соответствия ТР ТС 004/2011 (демо-данные);Демонстрационный орган по сертификации;2028-12-31;;
22830;ЕАЭС KZ ДЕМО-022830;Сертификат соответствия ТР ТС 004/2011 (демо-данные);Демонстрационный орган по сертификации;2028-12-31;;
20850;ЕАЭС KZ ДЕМО-020850;Сертификат соответствия ТР ТС 004/2011 (демо-данные);Демонстрационный орган по сертификации;2028-12-31;;
23830;ЕАЭС KZ ДЕМО-023830;Сертификат соответствия ТР ТС 004/2011 (демо-данные);Демонстрационный орган по сертификации;2028-12-31;;
38500;ЕАЭС KZ ДЕМО-038500;Сертификат соответствия ТР ТС 004/2011 (демо-данные);Демонстрационный орган по сертификации;2028-12-31;;
19170;ЕАЭС KZ ДЕМО-019170;Сертификат соответствия ТР ТС 004/2011 (демо-данные);Демонстрационный орган по сертификации;2028-12-31;;
18890;ЕАЭС KZ ДЕМО-018890;Сертификат соответствия ТР ТС 004/2011 (демо-данные);Демонстрационный орган по сертификации;2028-12-31;;
515960;ЕАЭС KZ ДЕМО-515960;Сертификат соответствия ТР ТС 004/2011 (демо-данные);Демонстрационный орган по сертификации;2028-12-31;;
29530;ЕАЭС KZ ДЕМО-029530;Сертификат соответствия ТР ТС 004/2011 (демо-данные);Демонстрационный орган по сертификации;2028-12-31;;
515780;ЕАЭС KZ ДЕМО-515780;Сертификат соответствия ТР ТС 004/2011 (демо-данные);Демонстрационный орган по сертификации;2028-12-31;;
515770;ЕАЭС KZ ДЕМО-515770;Сертификат соответствия ТР ТС 004/2011 (демо-данные);Демонстрационный орган по сертификации;2028-12-31;;
519730;ЕАЭС KZ ДЕМО-519730;Сертификат соответствия ТР ТС 004/2011 (демо-данные);Демонстрационный орган по сертификации;2028-12-31;;
47900;ЕАЭС KZ ДЕМО-047900;Сертификат соответствия ТР ТС 004/2011 (демо-данные);Демонстрационный орган по сертификации;2028-12-31;;
30820;ЕАЭС KZ ДЕМО-030820;Сертификат соответствия ТР ТС 004/2011 (демо-данные);Демонстрационный орган по сертификации;2028-12-31;;
21850;ЕАЭС KZ ДЕМО-021850;Сертификат соответствия ТР ТС 004/2011 (демо-данные);Демонстрационный орган по сертификации;2028-12-31;;
519870;ЕАЭС KZ ДЕМО-519870;Сертификат соответствия ТР ТС 004/2011 (демо-данные);Демонстрационный орган по сертификации;2028-12-31;;
29590;ЕАЭС KZ ДЕМО-029590;Сертификат соответствия ТР ТС 004/2011 (демо-данные);Демонстрационный орган по сертификации;2028-12-31;;
33830;ЕАЭС KZ ДЕМО-033830;Сертификат соответствия ТР ТС 004/2011 (демо-данные);Демонстрационный орган по сертификации;2028-12-31;;
526770;ЕАЭС KZ ДЕМО-526770;Сертификат соответствия ТР ТС 004/2011 (демо-данные);Демонстрационный орган по сертификации;2028-12-31;;
23290;ЕАЭС KZ ДЕМО-023290;Сертификат соответствия ТР ТС 004/2011 (демо-данные);Демонстрационный орган по сертификации;2028-12-31;;
519710;ЕАЭС KZ ДЕМО-519710;Сертификат соответствия ТР ТС 004/2011 (демо-данные);Демонстрационный орган по сертификации;2028-12-31;;
519720;ЕАЭС KZ ДЕМО-519720;Сертификат соответствия ТР ТС 004/2011 (демо-данные);Демонстрационный орган по сертификации;2028-12-31;;
519740;ЕАЭС KZ ДЕМО-519740;Сертификат соответствия ТР ТС 004/2011 (демо-данные);Демонстрационный орган по сертификации;2028-12-31;;
56060;ЕАЭС KZ ДЕМО-056060;Сертификат соответствия ТР ТС 004/2011 (демо-данные);Демонстрационный орган по сертификации;2028-12-31;;
520730;ЕАЭС KZ ДЕМО-520730;Сертификат соответствия ТР ТС 004/2011 (демо-данные);Демонстрационный орган по сертификации;2028-12-31;;
38460;ЕАЭС KZ ДЕМО-038460;Сертификат соответствия ТР ТС 004/2011 (демо-данные);Демонстрационный орган по сертификации;2028-12-31;;
30810;ЕАЭС KZ ДЕМО-030810;Сертификат соответствия ТР ТС 004/2011 (демо-данные);Демонстрационный орган по сертификации;2028-12-31;;
19860;ЕАЭС KZ ДЕМО-019860;Сертификат соответствия ТР ТС 004/2011 (демо-данные);Демонстрационный орган по сертификации;2028-12-31;;
527920;ЕАЭС KZ ДЕМО-527920;Сертификат соответствия ТР ТС 004/2011 (демо-данные);Демонстрационный орган по сертификации;2028-12-31;;
38470;ЕАЭС KZ ДЕМО-038470;Сертификат соответствия ТР ТС 004/2011 (демо-данные);Демонстрационный орган по сертификации;2028-12-31;;
